ApsimVersion = 7.5,,,,,,,,,,,

Title,Genotype,BiomassWt,LAI,biomass_n,plants,sla,sln,stem_wt,stemflower_wt,tassel_wt,DaysAfterSowing
(),(),(),(),(),(),(),(),(),(),(),()
Maize_UQG_UQGKCB,Katumani,,,,,,,,,,61
Maize_K88_K88KCB,Katumani,,2.5,,,,,,,,45
bmw101,Katumani,,1.2,,2.53,,,,,,53
bmw102,Katumani,,2.4,,6.23,,,,,,53
bmw103,Katumani,,2.5,,6.29,,,,,,53
bmw104,Katumani,,0.8,,2.4,,,,,,53
bmw105,Katumani,,2.7,,6.17,,,,,,53
bmw106,Katumani,,0.7,,2.09,,,,,,53
bmw107,Katumani,,1.1,,2.34,,,,,,53
bmw108,Katumani,,2.3,,6.04,,,,,,53
bmw109,Katumani,,0.8,,2.16,,,,,,52
bmw110,Katumani,,1.6,,6.23,,,,,,50
bmw111,Katumani,,1.6,,5.61,,,,,,50
bmw112,Katumani,,0.8,,2.09,,,,,,52
bmw113,Katumani,,1,,2.16,,,,,,53
bmw114,Katumani,,2.2,,5.3,,,,,,53
bmw115,Katumani,,0.9,,2.16,,,,,,53
bmw116,Katumani,,2.7,,6.48,,,,,,53
bmw117,Katumani,,1.3,,4.25,,,,,,52
bmw118,Katumani,,0.7,,2.03,,,,,,52
bmw119,Katumani,,0.8,,2.22,,,,,,52
bmw120,Katumani,,1.4,,4.87,,,,,,52
bmw121,Katumani,,1,,2.34,,,,,,53
bmw122,Katumani,,1,,2.22,,,,,,53
bmw123,Katumani,,2.4,,6.54,,,,,,53
bmw124,Katumani,,2.8,,6.54,,,,,,53
bmw209,Katumani,,2.3,,,,,,,,56
bmw210,Katumani,,2.2,,,,,,,,56
bmw211,Katumani,,2,,,,,,,,54
bmw212,Katumani,,1.3,,,,,,,,54
bmw217,Katumani,,0.8,,,,,,,,52
bmw218,Katumani,,0.9,,,,,,,,52
bmw219,Katumani,,0.8,,,,,,,,52
bmw220,Katumani,,0.8,,,,,,,,52
bmw237,Katumani,,0.9,,,,,,,,52
bmw238,Katumani,,0.8,,,,,,,,52
bmw239,Katumani,,0.8,,,,,,,,52
bmw240,Katumani,,0.8,,,,,,,,54
bmw257,Katumani,,2.7,,,,,,,,57
bmw258,Katumani,,2.4,,,,,,,,60
bmw259,Katumani,,2.3,,,,,,,,60
bmw260,Katumani,,2,,,,,,,,60
j2ka01,Katumani,,,,1.11,,,,,,55
j2ka02,Katumani,,,,2.17,,,,,,55
j2ka03,Katumani,,,,4.19,,,,,,55
j2ka04,Katumani,,,,6.26,,,,,,58
j2ka05,Katumani,,,,7.33,,,,,,62
j2ka06,Katumani,,,,1.11,,,,,,56
j2ka07,Katumani,,,,2.2,,,,,,54
j2ka08,Katumani,,,,4.24,,,,,,56
j2ka09,Katumani,,,,6.13,,,,,,56
j2ka10,Katumani,,,,7.28,,,,,,57
j2ki01,Katumani,,0.5,,1.11,,,,,,49
j2ki02,Katumani,,0.8,,2.18,,,,,,50
j2ki03,Katumani,,1.4,,4.23,,,,,,55
j2ki04,Katumani,,1.8,,6.22,,,,,,59
j2ki05,Katumani,,1.4,,7.91,,,,,,63
j2ki06,Katumani,,0.5,,1.11,,,,,,48
j2ki07,Katumani,,0.8,,2.17,,,,,,49
j2ki08,Katumani,,1.7,,4.39,,,,,,50
j2ki09,Katumani,,2.8,,6.54,,,,,,52
j2ki10,Katumani,,2.7,,7.63,,,,,,53
