ApsimVersion = 7.5,,,,,,,,,,,

Title,Genotype,BiomassWt,LAI,biomass_n,plants,sla,sln,stem_wt,stemflower_wt,tassel_wt,DaysAfterSowing
(),(),(),(),(),(),(),(),(),(),(),()
Maize_G5N2_G5N2,Dekalb_XL82,,4.5,,,,,,,,69
Maize_G6N2_G6N2,Dekalb_XL82,,4.7,,,,,,,,81
Maize_G7N2_G7N2,Dekalb_XL82,,4.9,,,,,,,,66
Maize_UQG_UQGXL82,Dekalb_XL82,,4.8,,,,,,,,63
Maize_K841_K841P3D,Dekalb_XL82,,,,,,,,,,51
Maize_K841_K841P3W,Dekalb_XL82,,,,,,,,,,51
Maize_K841_K841P5D,Dekalb_XL82,,,,,,,,,,51
Maize_K841_K841P5W,Dekalb_XL82,,,,,,,,,,51
Maize_K841_K841P7D,Dekalb_XL82,,,,,,,,,,54
Maize_K841_K841P7W,Dekalb_XL82,,,,,,,,,,51
Maize_K841_K841P9D,Dekalb_XL82,,,,,,,,,,51
Maize_K841_K841P9W,Dekalb_XL82,,,,,,,,,,51
Maize_K88_K88XL82,Dekalb_XL82,,2.8,,,,,,,,48
Maize_K842_K842P3D,Dekalb_XL82,,,,,,,,,,45
Maize_K842_K842P3W,Dekalb_XL82,,,,,,,,,,45
Maize_K842_K842P5D,Dekalb_XL82,,,,,,,,,,45
Maize_K842_K842P5W,Dekalb_XL82,,,,,,,,,,45
Maize_K842_K842P7D,Dekalb_XL82,,,,,,,,,,48
Maize_K842_K842P7W,Dekalb_XL82,,,,,,,,,,49
Maize_K842_K842P9D,Dekalb_XL82,,,,,,,,,,45
Maize_K842_K842P9W,Dekalb_XL82,,,,,,,,,,45
Maize_MSN_M1S1,Dekalb_XL82,,3.7,,,,,,,,51
Maize_MSN_M2S1,Dekalb_XL82,,3.5,,,,,,,,51
Maize_MSN_M3S1,Dekalb_XL82,,,,,,,,,,51
Maize_MSN_M1S2,Dekalb_XL82,,3.5,,,,,,,,48
Maize_MSN_M2S2,Dekalb_XL82,,,,,,,,,,48
Maize_MSN_M3S2,Dekalb_XL82,,,,,,,,,,48
Maize_MSN_M1S3,Dekalb_XL82,,3.5,,,,,,,,62
Maize_MSN_M2S3,Dekalb_XL82,,3.4,,,,,,,,63
Maize_MSN_M3S3,Dekalb_XL82,,,,,,,,,,62
Maize_M_S4N5_M1S4N5,Dekalb_XL82,,3.8,,,,,,,,47
Maize_M_S5N3_M1S5N3,Dekalb_XL82,,4,,,,,,,,53
Maize_M_S5N3_M2S5N3,Dekalb_XL82,,3.5,,,,,,,,55
Maize_Gatton-89_m1g5n1,Dekalb_XL82,845.7,2.753,4.33,,,,,,,67
Maize_Gatton-89_m1g5n2,Dekalb_XL82,1050,3.976,14.17,,,,,,,69
Maize_Gatton-90-Early_m1g6n1,Dekalb_XL82,318.1,1.242,,,,,,,,91
Maize_Gatton-90-Early_m1g6n2,Dekalb_XL82,1097.2,3.907,,,,,,,,79
Maize_Gatton-90-Late_m1g7n1,Dekalb_XL82,247.3,1.778,1.84,,,,,,,70
Maize_Gatton-90-Late_m1g7n2,Dekalb_XL82,1062.4,4.448,13.991,,,,,,,63
Maize_Gatton-91_m1g8n1,Dekalb_XL82,532.2,1.924,2.772,,,,,,,70
Maize_Gatton-91_m1g8n2,Dekalb_XL82,900,3.63,12.362,,,,,,,62
