solute,date,value1,value2,value3,value4,value5,value6
NO3,  1 Aug 1990, 32.11823,17.90732,6.66513,4.47582,4.36696,4.50306
NO3,  2 Aug 1990, 22.38000,19.88324,8.60234,4.86998,4.39295,4.50774
NO3,  3 Aug 1990, 14.45866,18.54821,9.95295,5.46589,4.45636,4.51581
NO3,  4 Aug 1990, 8.93382,16.74014,10.99227,6.29347,4.62388,4.54024
NO3,  5 Aug 1990, 7.42296,15.67282,11.90667,7.31800,4.89680,4.58008
NO3,  6 Aug 1990, 6.52676,14.45768,12.30733,8.28886,5.24056,4.63560
NO3,  7 Aug 1990, 6.04565,13.43112,12.30253,9.05021,5.59411,4.69404
NO3,  8 Aug 1990, 5.55110,12.43399,11.99281,9.54147,5.92336,4.75866
NO3,  9 Aug 1990, 5.20583,11.95152,11.79174,9.91385,6.21390,4.81750
NO3, 10 Aug 1990, 4.75336,11.29019,11.42274,10.03702,6.40151,4.85486
NO3, 11 Aug 1990, 4.69973,10.78676,11.14053,10.09847,6.52874,4.87232
NO3, 12 Aug 1990, 4.15353,10.50003,10.91919,10.06235,6.58423,4.87164
NO3, 13 Aug 1990, 3.91647,10.31121,10.82313,10.06566,6.60289,4.85083
NO3, 14 Aug 1990, 3.55060,10.01903,10.69816,10.00865,6.58399,4.82214
NO3, 15 Aug 1990, 3.20586,9.79150,10.64024,9.96914,6.54824,4.77988
NO3, 16 Aug 1990, 3.03335,9.48013,10.57179,9.91680,6.49539,4.75404
NO3, 17 Aug 1990, 2.88342,9.21486,10.47941,9.78466,6.44427,4.73773
NO3, 18 Aug 1990, 2.58069,8.81534,10.29543,9.57673,6.37755,4.72521
NO3, 19 Aug 1990, 2.36058,8.72942,10.20968,9.46236,6.33444,4.71268
NO3, 20 Aug 1990, 1.97844,8.43124,10.10986,9.26469,6.27140,4.70021
NO3, 21 Aug 1990, 1.87150,8.37523,10.19103,9.23792,6.25270,4.68764
NO3, 22 Aug 1990, 1.52512,7.98237,10.05555,9.05017,6.19032,4.67519
NO3, 23 Aug 1990, 1.52271,7.81672,9.99394,8.99208,6.16521,4.66292
NO3, 24 Aug 1990, 1.30365,7.34862,9.71207,8.76531,6.08754,4.65056
NO3, 25 Aug 1990, 1.17824,7.06443,9.52525,8.61535,6.03504,4.63829
NO3, 26 Aug 1990, 1.03607,6.71520,9.29137,8.42532,5.97279,4.62628
NO3, 27 Aug 1990, 0.94534,6.49247,9.13461,8.29960,5.92884,4.61434
NO3, 28 Aug 1990, 0.80623,6.17060,8.91575,8.11957,5.87250,4.60251
NO3, 29 Aug 1990, 0.72894,5.95550,8.74741,7.98369,5.82430,4.59085
NO3, 30 Aug 1990, 0.60849,5.71669,8.56857,7.83712,5.77641,4.57919
NO3, 31 Aug 1990, 0.45819,5.45822,8.33398,7.62847,5.70293,4.56764
NO3,  1 Sep 1990, 0.32669,5.23434,8.19486,7.49494,5.66457,4.55627
NO3,  2 Sep 1990, 0.19442,4.92315,8.01042,7.32087,5.60574,4.54515
NO3,  3 Sep 1990, 0.10517,4.58835,7.81561,7.13464,5.53837,4.53428
NO3,  4 Sep 1990, 0.07495,4.23014,7.63174,6.96233,5.47607,4.52374
NO3,  5 Sep 1990, 0.04093,3.86512,7.44492,6.79597,5.41475,4.51333
NO3,  6 Sep 1990, 0.02507,3.54627,7.26190,6.63748,5.35540,4.50316
NO3,  7 Sep 1990, 0.01464,3.27163,7.08496,6.48610,5.29827,4.49316
NO3,  8 Sep 1990, 0.01639,3.03206,6.91516,6.34147,5.24321,4.48331
NO3,  9 Sep 1990, 0.00198,2.82100,6.75279,6.20331,5.19014,4.47362
NO3, 10 Sep 1990, 0.00966,2.63435,6.59721,6.07102,5.13889,4.46410
NO3, 11 Sep 1990, 0.00146,2.46859,6.44756,5.94373,5.08922,4.45472
NO3, 12 Sep 1990, 0.00286,2.30831,6.32167,5.82222,5.04126,4.44553
NO3, 13 Sep 1990, 0.00256,2.03043,6.32339,5.71316,4.99525,4.43659
NO3, 14 Sep 1990, 0.00243,1.70445,6.28184,5.62167,4.95170,4.42789
NO3, 15 Sep 1990, 0.00211,1.42023,6.13825,5.54587,4.91357,4.41942
NO3, 16 Sep 1990, 0.00594,1.19732,5.89953,5.46450,4.87252,4.41120
NO3, 17 Sep 1990, 0.00164,1.03827,5.63335,5.37992,4.83253,4.40314
NO3, 18 Sep 1990, 0.00222,0.91490,5.37847,5.29220,4.79325,4.39517
NO3, 19 Sep 1990, 0.00301,0.81325,5.14474,5.20270,4.75468,4.38731
NO3, 20 Sep 1990, 0.00355,0.72884,4.93495,5.11293,4.71694,4.37958
NO3, 21 Sep 1990, 0.00418,0.65495,4.74220,5.02388,4.68011,4.37201
NO3, 22 Sep 1990, 0.00441,0.58592,4.56363,4.93572,4.64408,4.36460
NO3, 23 Sep 1990, 0.00496,0.52494,4.39663,4.84812,4.60863,4.35735
NO3, 24 Sep 1990, 0.00557,0.47159,4.24269,4.76211,4.57395,4.35026
NO3, 25 Sep 1990, 0.00773,0.42350,4.09768,4.67708,4.53979,4.34331
NO3, 26 Sep 1990, 0.00718,0.38220,3.96352,4.59403,4.50641,4.33654
NO3, 27 Sep 1990, 0.01162,0.34721,3.84047,4.51370,4.47396,4.32997
NO3, 28 Sep 1990, 0.00318,0.31770,3.72776,4.43617,4.44243,4.32358
NO3, 29 Sep 1990, 0.00169,0.29358,3.62594,4.36195,4.41194,4.31734
NO3, 30 Sep 1990, 0.00062,0.27404,3.53423,4.29109,4.38250,4.31119
NO3,  1 Oct 1990, 0.00000,0.25717,3.44923,4.22259,4.35382,4.30513
NO3,  2 Oct 1990, 0.00000,0.24224,3.36938,4.15591,4.32569,4.29916
NO3,  3 Oct 1990, 0.00000,0.22908,3.29434,4.09104,4.29811,4.29328
NO3,  4 Oct 1990, 0.00000,0.21691,3.22228,4.02735,4.27089,4.28749
NO3,  5 Oct 1990, 0.00655,0.20614,3.15297,3.96477,4.24401,4.28181
NO3,  6 Oct 1990, 0.00602,0.19630,3.08778,3.90399,4.21768,4.27622
NO3,  7 Oct 1990, 0.00447,0.18713,3.02655,3.84528,4.19204,4.27072
NO3,  8 Oct 1990, 0.00618,0.16935,2.97029,3.78804,4.16685,4.26533
NO3,  9 Oct 1990, 0.00523,0.15346,2.91724,3.73283,4.14228,4.26002
NO3, 10 Oct 1990, 0.00465,0.13075,2.86493,3.67993,4.11826,4.25480
NO3, 11 Oct 1990, 0.00606,0.10417,2.80343,3.63007,4.09445,4.24970
NO3, 12 Oct 1990, 0.00594,0.07771,2.72634,3.58318,4.07109,4.24469
NO3, 13 Oct 1990, 0.00605,0.05538,2.62687,3.53711,4.04809,4.23978
NO3, 14 Oct 1990, 0.00642,0.03861,2.51629,3.49096,4.02540,4.23496
NO3, 15 Oct 1990, 0.00721,0.02555,2.40923,3.44472,4.00301,4.23025
NO3, 16 Oct 1990, 0.00694,0.01976,2.31184,3.39878,3.98100,4.22563
NO3, 17 Oct 1990, 0.00846,0.01795,2.22150,3.35298,3.95929,4.22114
NO3, 18 Oct 1990, 0.01019,0.01706,2.13706,3.30723,3.93782,4.21679
NO3, 19 Oct 1990, 0.00954,0.01687,2.05016,3.26452,3.91660,4.21264
NO3, 20 Oct 1990, 0.00743,0.01544,1.96695,3.22921,3.89591,4.20850
NO3, 21 Oct 1990, 0.00514,0.01142,1.77473,3.28467,3.87597,4.20437
NO3, 22 Oct 1990, 0.00430,0.00839,1.53552,3.35240,3.85686,4.20025
NO3, 23 Oct 1990, 0.00346,0.00580,1.31316,3.37267,3.83873,4.19614
NO3, 24 Oct 1990, 0.00429,0.00478,1.13730,3.32993,3.82120,4.19215
NO3, 25 Oct 1990, 0.00624,0.00505,1.01355,3.23511,3.80374,4.18835
NO3, 26 Oct 1990, 0.00983,0.01012,0.92024,3.11421,3.78603,4.18481
NO3, 27 Oct 1990, 0.01502,0.01414,0.84331,2.99347,3.76810,4.18156
NO3, 28 Oct 1990, 0.01619,0.01804,0.77772,2.87792,3.74999,4.17864
NO3, 29 Oct 1990, 0.01412,0.02218,0.72105,2.76816,3.73178,4.17605
NO3, 30 Oct 1990, 0.01348,0.02696,0.67158,2.66415,3.71351,4.17383
NO3, 31 Oct 1990, 0.00731,0.03114,0.62887,2.56734,3.69533,4.17186
NO3,  1 Nov 1990, 0.00222,0.03387,0.59248,2.47822,3.67732,4.16998
NO3,  2 Nov 1990, 0.00000,0.03434,0.56152,2.39665,3.65954,4.16808
NO3,  3 Nov 1990, 0.00000,0.03292,0.53518,2.32204,3.64198,4.16607
NO3,  4 Nov 1990, 0.02923,0.03256,0.51288,2.25147,3.62444,4.16459
NO3,  5 Nov 1990, 0.02636,0.03255,0.49338,2.18707,3.60718,4.16303
NO3,  6 Nov 1990, 0.02617,0.02905,0.47497,2.12676,3.59007,4.16150
NO3,  7 Nov 1990, 0.02658,0.02646,0.45616,2.06981,3.57310,4.16004
NO3,  8 Nov 1990, 0.03058,0.02595,0.43875,2.01557,3.55627,4.15881
NO3,  9 Nov 1990, 0.02934,0.02595,0.42313,1.96440,3.53963,4.15767
NO3, 10 Nov 1990, 0.02472,0.02537,0.40877,1.91664,3.52323,4.15640
NO3, 11 Nov 1990, 0.01863,0.02389,0.39556,1.87219,3.50710,4.15484
NO3, 12 Nov 1990, 0.01701,0.02259,0.38340,1.83010,3.49116,4.15322
NO3, 13 Nov 1990, 0.01308,0.02164,0.37221,1.79009,3.47541,4.15159
NO3, 14 Nov 1990, 0.01821,0.02150,0.36200,1.75139,3.45979,4.15029
NO3, 15 Nov 1990, 0.02782,0.02210,0.35272,1.71399,3.44430,4.14939
NO3, 16 Nov 1990, 0.03431,0.02295,0.34431,1.67808,3.42901,4.14874
NO3, 17 Nov 1990, 0.02610,0.02284,0.33655,1.64403,3.41395,4.14801
NO3, 18 Nov 1990, 0.01730,0.02181,0.32924,1.61200,3.39913,4.14700
NO3, 19 Nov 1990, 0.00350,0.02047,0.32230,1.58192,3.38458,4.14566
NO3, 20 Nov 1990, 0.00000,0.01848,0.31578,1.55323,3.37022,4.14426
NO3, 21 Nov 1990, 0.00000,0.01612,0.30969,1.52563,3.35603,4.14295
NO3, 22 Nov 1990, 0.00000,0.01411,0.30399,1.49912,3.34201,4.14171
NO3, 23 Nov 1990, 0.00000,0.01241,0.29867,1.47374,3.32823,4.14052
NO3, 24 Nov 1990, 0.00000,0.01095,0.29367,1.44944,3.31467,4.13937
NO3, 25 Nov 1990, 0.00000,0.00973,0.28895,1.42615,3.30135,4.13823
NO3, 26 Nov 1990, 0.00000,0.00875,0.28445,1.40380,3.28822,4.13708
NO3, 27 Nov 1990, 0.00000,0.00794,0.28018,1.38227,3.27527,4.13597
NO3, 28 Nov 1990, 0.00000,0.00725,0.27621,1.36148,3.26254,4.13502
NO3, 29 Nov 1990, 0.00000,0.00671,0.27252,1.34138,3.25002,4.13425
NO3, 30 Nov 1990, 0.00000,0.00635,0.26903,1.32198,3.23773,4.13364
NO3,  1 Dec 1990, 0.00000,0.00620,0.26567,1.30332,3.22572,4.13316
NO3,  2 Dec 1990, 0.00000,0.00616,0.26243,1.28527,3.21393,4.13294
NO3,  3 Dec 1990, 0.07072,0.02758,0.25984,1.26691,3.20216,4.13628
NO3,  4 Dec 1990, 0.07182,0.04276,0.26084,1.24995,3.19071,4.13908
NO3,  5 Dec 1990, 0.06995,0.04279,0.26204,1.23391,3.17955,4.14141
NO3,  6 Dec 1990, 0.07099,0.04256,0.26027,1.21828,3.16853,4.14352
NO3,  7 Dec 1990, 0.07890,0.04466,0.25734,1.20281,3.15765,4.14564
NO3,  8 Dec 1990, 0.07653,0.04749,0.25501,1.18756,3.14690,4.14765
NO3,  9 Dec 1990, 0.04907,0.04931,0.25340,1.17261,3.13630,4.14941
NO3, 10 Dec 1990, 0.06890,0.05311,0.25534,1.15789,3.12578,4.15247
NO3, 11 Dec 1990, 0.06564,0.05305,0.25727,1.14400,3.11545,4.15450
NO3, 12 Dec 1990, 0.03852,0.04379,0.25491,1.13067,3.10529,4.15566
NO3, 13 Dec 1990, 0.03106,0.03679,0.24863,1.11745,3.09528,4.15633
NO3, 14 Dec 1990, 0.02897,0.03284,0.24187,1.10421,3.08538,4.15680
NO3, 15 Dec 1990, 0.02820,0.03136,0.23680,1.09091,3.07558,4.15735
NO3, 16 Dec 1990, 0.02595,0.03227,0.23378,1.07754,3.06588,4.15818
NO3, 17 Dec 1990, 0.01792,0.03502,0.23277,1.06417,3.05626,4.15925
NO3, 18 Dec 1990, 0.00003,0.03990,0.23401,1.05081,3.04673,4.16061
NO3, 19 Dec 1990, 0.00427,0.04364,0.23547,1.03774,3.03731,4.16187
NO3, 20 Dec 1990, 0.00000,0.04737,0.23762,1.02497,3.02804,4.16309
NO3, 21 Dec 1990, 0.00000,0.05066,0.23960,1.01253,3.01888,4.16412
NO3, 22 Dec 1990, 0.00000,0.05357,0.24134,1.00043,3.00982,4.16497
NO3, 23 Dec 1990, 0.00000,0.05547,0.24202,0.98878,3.00088,4.16542
NO3, 24 Dec 1990, 0.00000,0.05747,0.24294,0.97748,2.99209,4.16583
NO3, 25 Dec 1990, 0.00000,0.05907,0.24353,0.96655,2.98343,4.16608
NO3, 26 Dec 1990, 0.00000,0.06056,0.24416,0.95589,2.97486,4.16629
NO3, 27 Dec 1990, 0.00000,0.06161,0.24445,0.94556,2.96640,4.16640
NO3, 28 Dec 1990, 0.00000,0.06261,0.24488,0.93543,2.95802,4.16653
NO3, 29 Dec 1990, 0.00000,0.06308,0.24552,0.92549,2.94971,4.16673
NO3, 30 Dec 1990, 0.00000,0.06273,0.24608,0.91575,2.94148,4.16693
NO3, 31 Dec 1990, 0.00000,0.06185,0.24669,0.90619,2.93332,4.16720
NO3,  1 Jan 1991, 0.00047,0.06061,0.24729,0.89681,2.92523,4.16753
NO3,  2 Jan 1991, 0.00091,0.05908,0.24769,0.88763,2.91722,4.16789
NO3,  3 Jan 1991, 0.00134,0.05736,0.24792,0.87864,2.90928,4.16828
NO3,  4 Jan 1991, 0.00172,0.05553,0.24766,0.86981,2.90141,4.16874
NO3,  5 Jan 1991, 0.05782,0.06438,0.26179,0.86077,2.89347,4.17588
NO3,  6 Jan 1991, 0.07591,0.07717,0.27974,0.85297,2.88566,4.18151
NO3,  7 Jan 1991, 0.08181,0.06620,0.27748,0.85796,2.87874,4.18622
NO3,  8 Jan 1991, 0.06696,0.07619,0.27712,0.87109,2.88044,4.18983
NO3,  9 Jan 1991, 0.05678,0.07541,0.27128,0.87552,2.87998,4.19278
NO3, 10 Jan 1991, 0.05540,0.08473,0.27545,0.87689,2.88248,4.19553
NO3, 11 Jan 1991, 0.07915,0.09769,0.28438,0.86826,2.88348,4.19923
NO3, 12 Jan 1991, 0.08950,0.11737,0.30092,0.86010,2.88596,4.20309
NO3, 13 Jan 1991, 0.13066,0.14036,0.32071,0.85183,2.88825,4.20736
NO3, 14 Jan 1991, 0.17083,0.16655,0.34295,0.84475,2.89057,4.21185
NO3, 15 Jan 1991, 0.16297,0.19358,0.36548,0.83918,2.89282,4.21615
NO3, 16 Jan 1991, 0.09916,0.21774,0.38521,0.83537,2.89504,4.21962
NO3, 17 Jan 1991, 0.01796,0.24038,0.40342,0.83277,2.89721,4.22263
NO3, 18 Jan 1991, 0.00000,0.26241,0.42085,0.83103,2.89936,4.22531
NO3, 19 Jan 1991, 0.00000,0.28308,0.43721,0.83003,2.90147,4.22760
NO3, 20 Jan 1991, 0.00000,0.29783,0.44985,0.82562,2.90156,4.22974
NO3, 21 Jan 1991, 0.07354,0.31658,0.46726,0.82237,2.90190,4.23329
NO3, 22 Jan 1991, 0.07684,0.32340,0.50964,0.82599,2.90265,4.23793
NO3, 23 Jan 1991, 0.04414,0.30412,0.52776,0.88058,2.90507,4.24239
NO3, 24 Jan 1991, 0.05575,0.27696,0.51540,0.95939,2.90957,4.24647
NO3, 25 Jan 1991, 0.05697,0.25829,0.50258,0.98794,2.95333,4.25047
NO3, 26 Jan 1991, 0.06884,0.25100,0.48534,0.99036,3.01782,4.25538
NO3, 27 Jan 1991, 0.07522,0.24830,0.46910,0.97778,3.08635,4.26114
NO3, 28 Jan 1991, 0.12753,0.25761,0.45951,0.95933,3.14758,4.26882
NO3, 29 Jan 1991, 0.16075,0.27460,0.45515,0.94118,3.19589,4.27731
NO3, 30 Jan 1991, 0.16790,0.29640,0.45739,0.92443,3.23264,4.28683
NO3, 31 Jan 1991, 0.16343,0.32497,0.46241,0.91061,3.25909,4.29742
NO3,  1 Feb 1991, 0.16913,0.35473,0.47649,0.90062,3.27642,4.30909
NO3,  2 Feb 1991, 0.13582,0.38653,0.49645,0.89520,3.28704,4.32163
NO3,  3 Feb 1991, 0.07784,0.42497,0.52357,0.89472,3.29139,4.33779
NO3,  4 Feb 1991, 0.02148,0.46831,0.55899,0.89509,3.29246,4.35622
NO3,  5 Feb 1991, 0.08984,0.51642,0.59682,0.90221,3.29450,4.37311
NO3,  6 Feb 1991, 0.15833,0.56030,0.64299,0.91958,3.29963,4.38989
NO3,  7 Feb 1991, 0.24709,0.59884,0.68827,0.94075,3.30721,4.40950
NO3,  8 Feb 1991, 0.29574,0.62951,0.72668,0.96146,3.31428,4.43301
NO3,  9 Feb 1991, 0.31554,0.66826,0.75877,0.97899,3.31969,4.45880
NO3, 10 Feb 1991, 0.30959,0.70813,0.78190,0.99234,3.32301,4.48373
NO3, 11 Feb 1991, 0.29305,0.74745,0.80961,1.00406,3.32655,4.50727
NO3, 12 Feb 1991, 0.29282,0.78691,0.84012,1.01574,3.33145,4.52842
NO3, 13 Feb 1991, 0.28162,0.82808,0.87715,1.02426,3.33861,4.54746
NO3, 14 Feb 1991, 0.25280,0.87375,0.91420,1.05004,3.33617,4.56447
NO3, 15 Feb 1991, 0.26436,0.92162,0.95286,1.07177,3.34029,4.58211
NO3, 16 Feb 1991, 0.32866,0.96718,0.98935,1.09297,3.34422,4.59903
NO3, 17 Feb 1991, 0.37635,1.00938,1.02278,1.11321,3.34741,4.61493
NO3, 18 Feb 1991, 0.39595,1.04792,1.05282,1.13221,3.34974,4.62968
NO3, 19 Feb 1991, 0.37627,1.08473,1.08089,1.15056,3.35166,4.64368
NO3, 20 Feb 1991, 0.34624,1.11928,1.10740,1.16844,3.35325,4.65704
NO3, 21 Feb 1991, 0.31259,1.15538,1.13519,1.18710,3.35560,4.67062
NO3, 22 Feb 1991, 0.27378,1.19799,1.16624,1.20752,3.35951,4.68507
NO3, 23 Feb 1991, 0.23698,1.24033,1.19717,1.22814,3.36365,4.69939
NO3, 24 Feb 1991, 0.21002,1.27961,1.22634,1.24810,3.36742,4.71307
NO3, 25 Feb 1991, 0.19212,1.32538,1.26005,1.27047,3.37313,4.72795
NO3, 26 Feb 1991, 0.18325,1.37849,1.29873,1.29551,3.38098,4.74414
NO3, 27 Feb 1991, 0.18013,1.42478,1.33277,1.31861,3.38735,4.75898
NO3, 28 Feb 1991, 0.18123,1.46912,1.36539,1.34124,3.39344,4.77334
NO3,  1 Mar 1991, 0.19154,1.50837,1.39451,1.36236,3.39836,4.78660
NO3,  2 Mar 1991, 0.20686,1.54015,1.41853,1.38116,3.40136,4.79827
NO3,  3 Mar 1991, 0.22546,1.56621,1.43862,1.39813,3.40288,4.80864
NO3,  4 Mar 1991, 0.24455,1.59652,1.46149,1.41641,3.40588,4.81973
NO3,  5 Mar 1991, 0.26416,1.63238,1.48797,1.43610,3.41104,4.83177
NO3,  6 Mar 1991, 0.28434,1.67709,1.52018,1.45832,3.41917,4.84537
NO3,  7 Mar 1991, 0.30518,1.73290,1.55951,1.48385,3.43079,4.86090
NO3,  8 Mar 1991, 0.32680,1.79566,1.60322,1.51141,3.44483,4.87763
NO3,  9 Mar 1991, 0.34929,1.86017,1.64792,1.53939,3.45995,4.89466
NO3, 10 Mar 1991, 0.37265,1.91466,1.68607,1.56399,3.47306,4.90998
NO3, 11 Mar 1991, 0.39676,1.96216,1.71955,1.58608,3.48474,4.92396
NO3, 12 Mar 1991, 0.42151,2.00041,1.74694,1.60489,3.49430,4.93614
NO3, 13 Mar 1991, 0.44678,2.03187,1.76982,1.62119,3.50230,4.94692
NO3, 14 Mar 1991, 0.47196,2.06062,1.79053,1.63620,3.50970,4.95699
NO3, 15 Mar 1991, 0.49735,2.09176,1.81257,1.65177,3.51799,4.96736
NO3, 16 Mar 1991, 0.52321,2.12444,1.83554,1.66773,3.52697,4.97791
NO3, 17 Mar 1991, 0.54953,2.16169,1.86139,1.68509,3.53749,4.98920
NO3, 18 Mar 1991, 0.57636,2.20286,1.88966,1.70366,3.54934,5.00110
NO3, 19 Mar 1991, 0.60376,2.24452,1.91819,1.72232,3.56160,5.01305
NO3, 20 Mar 1991, 0.63171,2.28688,1.94713,1.74116,3.57431,5.02506
NO3, 21 Mar 1991, 0.66021,2.32474,1.97318,1.75844,3.58606,5.03627
NO3, 22 Mar 1991, 0.68922,2.35373,1.99360,1.77267,3.59558,5.04587
NO3, 23 Mar 1991, 0.71861,2.37766,2.01077,1.78509,3.60383,5.05450
NO3, 24 Mar 1991, 0.74831,2.39786,2.02545,1.79619,3.61115,5.06238
NO3, 25 Mar 1991, 0.77828,2.41685,2.03905,1.80709,3.61828,5.06998
NO3, 26 Mar 1991, 0.80849,2.43823,2.05395,1.81901,3.62628,5.07797
NO3, 27 Mar 1991, 0.83896,2.46448,2.07176,1.83277,3.63584,5.08679
NO3, 28 Mar 1991, 0.86976,2.49287,2.09082,1.84744,3.64620,5.09595
NO3, 29 Mar 1991, 0.76604,2.54196,2.11167,1.86338,3.65792,5.10601
NO3, 30 Mar 1991, 0.70388,2.60244,2.13014,1.87800,3.66864,5.11535
NO3, 31 Mar 1991, 0.66292,2.65499,2.14615,1.89121,3.67820,5.12380
NO3,  1 Apr 1991, 0.60210,2.71938,2.16142,1.90343,3.68693,5.13160
NO3,  2 Apr 1991, 0.61699,2.76135,2.17496,1.91457,3.69469,5.13864
NO3,  3 Apr 1991, 0.56911,2.73234,2.16142,1.90730,3.69453,5.14520
NO3,  4 Apr 1991, 0.52277,2.71875,2.15688,1.90597,3.69752,5.15255
NO3,  5 Apr 1991, 0.48080,2.68196,2.14427,1.89887,3.69860,5.16056
NO3,  6 Apr 1991, 0.44412,2.65499,2.13765,1.89549,3.70219,5.16959
NO3,  7 Apr 1991, 0.43094,2.58245,2.11280,1.87920,3.70014,5.17913
NO3,  8 Apr 1991, 0.41892,2.49743,2.08280,1.85940,3.69633,5.18834
NO3,  9 Apr 1991, 0.41266,2.41618,2.05345,1.84023,3.69218,5.19683
NO3, 10 Apr 1991, 0.41088,2.33888,2.02479,1.82158,3.68763,5.20475
NO3, 11 Apr 1991, 0.40814,2.26302,1.99495,1.80214,3.68155,5.21184
NO3, 12 Apr 1991, 0.40874,2.19407,1.96801,1.78461,3.67633,5.21876
NO3, 13 Apr 1991, 0.41653,2.13447,1.94526,1.76951,3.67245,5.22618
NO3, 14 Apr 1991, 0.40503,2.09266,1.92185,1.75287,3.66632,5.23301
NO3, 15 Apr 1991, 0.40727,2.04643,1.90369,1.74003,3.66307,5.23941
NO3, 16 Apr 1991, 0.38711,1.98990,1.88643,1.72807,3.66009,5.24549
NO3, 17 Apr 1991, 0.37967,1.92764,1.86474,1.71278,3.65325,5.25116
NO3, 18 Apr 1991, 0.37495,1.86439,1.83817,1.69369,3.64161,5.25621
NO3, 19 Apr 1991, 0.38225,1.81553,1.82049,1.68111,3.63581,5.26165
NO3, 20 Apr 1991, 0.39275,1.76690,1.79787,1.66403,3.62404,5.26710
NO3, 21 Apr 1991, 0.40962,1.73144,1.78526,1.65461,3.61983,5.27265
NO3, 22 Apr 1991, 0.42471,1.69116,1.76421,1.63823,3.60706,5.27765
NO3, 23 Apr 1991, 0.44278,1.66004,1.75137,1.62854,3.60130,5.28231
NO3, 24 Apr 1991, 0.45885,1.62684,1.73297,1.61396,3.58914,5.28672
NO3, 25 Apr 1991, 0.43621,1.62549,1.71919,1.60043,3.57761,5.29066
NO3, 26 Apr 1991, 0.39722,1.61920,1.71565,1.58552,3.56389,5.29372
NO3, 27 Apr 1991, 0.33488,1.55538,1.72868,1.56944,3.54696,5.29679
NO3, 28 Apr 1991, 0.29476,1.46673,1.73342,1.56087,3.53824,5.29986
NO3, 29 Apr 1991, 0.28109,1.38959,1.72703,1.55595,3.53357,5.30277
NO3, 30 Apr 1991, 0.27353,1.32568,1.71988,1.55210,3.52991,5.30566
NO3,  1 May 1991, 0.26663,1.26275,1.69795,1.53819,3.51291,5.30890
NO3,  2 May 1991, 0.26773,1.22092,1.68818,1.53270,3.50630,5.31219
NO3,  3 May 1991, 0.27241,1.18564,1.67904,1.52773,3.50050,5.31514
NO3,  4 May 1991, 0.27923,1.15395,1.66800,1.52136,3.49303,5.31790
NO3,  5 May 1991, 0.28981,1.12775,1.65747,1.51495,3.48523,5.32077
NO3,  6 May 1991, 0.30341,1.10653,1.64799,1.50884,3.47756,5.32368
NO3,  7 May 1991, 0.31847,1.08899,1.63737,1.50130,3.46758,5.32677
NO3,  8 May 1991, 0.33678,1.07802,1.62649,1.49280,3.45566,5.33012
NO3,  9 May 1991, 0.35347,1.07029,1.61728,1.48547,3.44573,5.33302
NO3, 10 May 1991, 0.35956,1.06441,1.61340,1.48220,3.44154,5.33551
NO3, 11 May 1991, 0.35705,1.05464,1.60568,1.47620,3.43418,5.33763
NO3, 12 May 1991, 0.35555,1.04392,1.59854,1.47089,3.42811,5.33934
NO3, 13 May 1991, 0.35320,1.03031,1.58700,1.46222,3.41764,5.34084
NO3, 14 May 1991, 0.35737,1.02185,1.58151,1.45784,3.41258,5.34259
NO3, 15 May 1991, 0.36218,1.01256,1.57260,1.45047,3.40316,5.34448
NO3, 16 May 1991, 0.36708,1.00389,1.56379,1.44304,3.39351,5.34632
NO3, 17 May 1991, 0.37188,0.99697,1.55714,1.43720,3.38599,5.34817
NO3, 18 May 1991, 0.37530,0.99037,1.55072,1.43150,3.37865,5.34996
NO3, 19 May 1991, 0.37727,0.98444,1.54481,1.42612,3.37166,5.35176
NO3, 20 May 1991, 0.37765,0.98165,1.53792,1.41989,3.36357,5.35337
NO3, 21 May 1991, 0.31831,1.03134,1.53881,1.41364,3.35553,5.35460
NO3, 22 May 1991, 0.24137,0.95519,1.66209,1.41585,3.35333,5.35569
NO3, 23 May 1991, 0.14614,0.84515,1.71456,1.45359,3.35007,5.35680
NO3, 24 May 1991, 0.08552,0.72227,1.67670,1.54979,3.34981,5.35791
NO3, 25 May 1991, 0.06778,0.62124,1.59626,1.64540,3.34916,5.35916
NO3, 26 May 1991, 0.06377,0.55565,1.51535,1.72080,3.35008,5.36072
NO3, 27 May 1991, 0.07400,0.50812,1.44696,1.76685,3.35118,5.36226
NO3, 28 May 1991, 0.08324,0.48145,1.39367,1.77501,3.35027,5.36377
NO3, 29 May 1991, 0.09176,0.47398,1.35750,1.76903,3.35067,5.36521
NO3, 30 May 1991, 0.09973,0.46693,1.32871,1.75228,3.34954,5.36653
NO3, 31 May 1991, 0.10792,0.46116,1.30677,1.73854,3.34921,5.36758
NO3,  1 Jun 1991, 0.11677,0.45552,1.28546,1.72342,3.34805,5.36854
NO3,  2 Jun 1991, 0.12509,0.45018,1.26338,1.70570,3.34550,5.36952
NO3,  3 Jun 1991, 0.13275,0.44814,1.24878,1.69378,3.34476,5.37050
NO3,  4 Jun 1991, 0.14140,0.44698,1.23603,1.68274,3.34404,5.37146
NO3,  5 Jun 1991, 0.15032,0.44602,1.22309,1.67071,3.34263,5.37239
NO3,  6 Jun 1991, 0.15386,0.44964,1.21234,1.65941,3.34117,5.37321
NO3,  7 Jun 1991, 0.12276,0.42821,1.22610,1.67916,3.33983,5.37364
NO3,  8 Jun 1991, 0.09342,0.38086,1.16369,1.78575,3.33957,5.37401
NO3,  9 Jun 1991, 0.00533,0.29881,1.05722,1.92772,3.34522,5.37443
NO3, 10 Jun 1991, 0.00543,0.21329,0.91594,1.96092,3.44678,5.37526
NO3, 11 Jun 1991, 0.00533,0.14389,0.76117,1.91176,3.62333,5.37775
NO3, 12 Jun 1991, 0.00397,0.08525,0.59403,1.77861,3.84954,5.38434
NO3, 13 Jun 1991, 0.00456,0.05221,0.45149,1.62168,3.95434,5.50272
NO3, 14 Jun 1991, 0.00471,0.02956,0.32601,1.43359,3.90449,5.75508
NO3, 15 Jun 1991, 0.00448,0.01916,0.23873,1.24602,3.77367,6.02182
NO3, 16 Jun 1991, 0.00486,0.01566,0.18260,1.07923,3.58599,6.09731
NO3, 17 Jun 1991, 0.00599,0.01572,0.14913,0.94392,3.38118,6.04483
NO3, 18 Jun 1991, 0.01145,0.01714,0.12996,0.84302,3.19356,5.92134
NO3, 19 Jun 1991, 0.01637,0.01868,0.11818,0.76602,3.02564,5.76338
NO3, 20 Jun 1991, 0.02004,0.02096,0.11177,0.70900,2.88339,5.59655
NO3, 21 Jun 1991, 0.02081,0.02376,0.10869,0.66692,2.76637,5.43656
NO3, 22 Jun 1991, 0.02156,0.02728,0.10707,0.63666,2.67465,5.29367
NO3, 23 Jun 1991, 0.02091,0.03108,0.10800,0.61497,2.60430,5.17244
NO3, 24 Jun 1991, 0.00376,0.03513,0.11008,0.59923,2.55060,5.07384
NO3, 25 Jun 1991, 0.00476,0.03969,0.11375,0.59062,2.51935,5.00113
NO3, 26 Jun 1991, 0.00547,0.04517,0.12106,0.59368,2.47984,4.94881
NO3, 27 Jun 1991, 0.01245,0.05075,0.12802,0.59557,2.46180,4.90346
NO3, 28 Jun 1991, 0.01840,0.05707,0.13436,0.59889,2.44635,4.87894
NO3, 29 Jun 1991, 0.02275,0.06228,0.13874,0.60375,2.43158,4.86619
NO3, 30 Jun 1991, 0.02324,0.06589,0.14214,0.60865,2.41967,4.85916
NO3,  1 Jul 1991, 0.02338,0.06764,0.14405,0.60255,2.42011,4.85217
NO3,  2 Jul 1991, 0.02578,0.06913,0.14592,0.59629,2.42408,4.84580
NO3,  3 Jul 1991, 0.02707,0.07125,0.14774,0.58939,2.42707,4.83993
NO3,  4 Jul 1991, 0.02574,0.07385,0.15017,0.58247,2.42917,4.83448
NO3,  5 Jul 1991, 0.02424,0.07424,0.15128,0.57462,2.43028,4.82932
NO3,  6 Jul 1991, 0.02093,0.07296,0.15106,0.56585,2.43160,4.82478
NO3,  7 Jul 1991, 0.01967,0.07137,0.15004,0.55660,2.43576,4.82108
NO3,  8 Jul 1991, 0.01616,0.06686,0.14816,0.54593,2.43303,4.82621
NO3,  9 Jul 1991, 0.01232,0.05944,0.14291,0.53236,2.41749,4.85429
NO3, 10 Jul 1991, 0.00088,0.03665,0.11755,0.49841,2.35925,4.88474
NO3, 11 Jul 1991, 0.00083,0.02202,0.08210,0.43630,2.22076,4.85806
NO3, 12 Jul 1991, 0.00092,0.01149,0.05787,0.36066,2.03337,4.73373
NO3, 13 Jul 1991, 0.00099,0.00639,0.04234,0.28985,1.83007,4.52650
NO3, 14 Jul 1991, 0.00115,0.00384,0.03140,0.23498,1.63452,4.26947
NO3, 15 Jul 1991, 0.00138,0.00297,0.02427,0.19398,1.45917,3.99277
NO3, 16 Jul 1991, 0.00151,0.00282,0.01987,0.16327,1.30772,3.71822
NO3, 17 Jul 1991, 0.00282,0.00300,0.01724,0.14038,1.18061,3.46031
NO3, 18 Jul 1991, 0.00427,0.00356,0.01600,0.12368,1.07641,3.22786
NO3, 19 Jul 1991, 0.00194,0.00444,0.01587,0.11222,0.99504,3.02627
NO3, 20 Jul 1991, 0.00206,0.00573,0.01649,0.10446,0.93231,2.85682
NO3, 21 Jul 1991, 0.00408,0.00728,0.01759,0.09949,0.88603,2.71894
NO3, 22 Jul 1991, 0.00558,0.00918,0.01899,0.09654,0.85295,2.61039
NO3, 23 Jul 1991, 0.00750,0.01107,0.02071,0.09509,0.83086,2.52795
NO3, 24 Jul 1991, 0.00860,0.01256,0.02272,0.09364,0.81560,2.46731
NO3, 25 Jul 1991, 0.00902,0.01383,0.02459,0.09768,0.80069,2.42501
NO3, 26 Jul 1991, 0.00971,0.01506,0.02641,0.10139,0.79860,2.39161
NO3, 27 Jul 1991, 0.01055,0.01623,0.02810,0.10456,0.79600,2.37309
NO3, 28 Jul 1991, 0.01115,0.01748,0.02977,0.10728,0.79293,2.36313
NO3, 29 Jul 1991, 0.01111,0.01910,0.03173,0.11008,0.79113,2.35829
NO3, 30 Jul 1991, 0.00133,0.02083,0.03363,0.11217,0.78746,2.35520
NO3, 31 Jul 1991, 0.00134,0.02274,0.03574,0.11473,0.78696,2.35217
NO3,  1 Aug 1991, 0.00183,0.02522,0.03832,0.11773,0.78800,2.34948
NO3,  2 Aug 1991, 0.00417,0.02785,0.04097,0.12050,0.78857,2.34694
NO3,  3 Aug 1991, 0.00666,0.03061,0.04368,0.12316,0.78913,2.34451
NO3,  4 Aug 1991, 0.00279,0.03430,0.04675,0.12553,0.78821,2.34236
NO3,  5 Aug 1991, 0.00295,0.03525,0.05184,0.12882,0.78465,2.34035
NO3,  6 Aug 1991, 0.00323,0.03523,0.05531,0.13392,0.78205,2.33834
NO3,  7 Aug 1991, 0.00321,0.03235,0.05716,0.13825,0.78719,2.33660
NO3,  8 Aug 1991, 0.00468,0.02898,0.05644,0.13932,0.79369,2.33513
NO3,  9 Aug 1991, 0.00171,0.02537,0.05415,0.13798,0.80176,2.33435
NO3, 10 Aug 1991, 0.00273,0.02305,0.05170,0.13512,0.80429,2.33972
NO3, 11 Aug 1991, 0.00352,0.02197,0.04962,0.13139,0.79701,2.35331
NO3, 12 Aug 1991, 0.00145,0.02156,0.04829,0.12750,0.78466,2.36040
NO3, 13 Aug 1991, 0.00216,0.02256,0.04816,0.12396,0.77026,2.35626
NO3, 14 Aug 1991, 0.00241,0.02462,0.04914,0.12209,0.76069,2.34856
NO3, 15 Aug 1991, 0.00230,0.02671,0.05148,0.12447,0.75424,2.33737
NO3, 16 Aug 1991, 0.00513,0.02888,0.05399,0.12701,0.75059,2.33169
NO3, 17 Aug 1991, 0.00814,0.03102,0.05651,0.12973,0.74934,2.32920
NO3, 18 Aug 1991, 0.01066,0.03298,0.05880,0.13214,0.74845,2.32664
NO3, 19 Aug 1991, 0.01327,0.03496,0.06078,0.13359,0.74519,2.32403
NO3, 20 Aug 1991, 0.01425,0.03822,0.06328,0.13524,0.74298,2.32154
NO3, 21 Aug 1991, 0.01554,0.04108,0.06553,0.13613,0.73870,2.31897
NO3, 22 Aug 1991, 0.01494,0.04368,0.06937,0.13880,0.74085,2.31654
NO3, 23 Aug 1991, 0.00285,0.04532,0.07335,0.14118,0.74028,2.31423
NO3, 24 Aug 1991, 0.00522,0.04522,0.07563,0.14270,0.73691,2.31167
NO3, 25 Aug 1991, 0.00688,0.04489,0.07753,0.14536,0.73825,2.30904
NO3, 26 Aug 1991, 0.00935,0.04562,0.07932,0.14742,0.73934,2.30668
NO3, 27 Aug 1991, 0.01020,0.04518,0.08218,0.15169,0.74059,2.30443
NO3, 28 Aug 1991, 0.00441,0.04386,0.08287,0.15572,0.73845,2.30206
NO3, 29 Aug 1991, 0.00245,0.04094,0.08291,0.16170,0.74148,2.29986
NO3, 30 Aug 1991, 0.00348,0.03707,0.08131,0.16485,0.74669,2.29767
NO3, 31 Aug 1991, 0.00170,0.03383,0.07846,0.16542,0.75329,2.29571
NO3,  1 Sep 1991, 0.00164,0.03109,0.07523,0.16397,0.75957,2.29420
NO3,  2 Sep 1991, 0.00360,0.02939,0.07261,0.16142,0.76447,2.29324
NO3,  3 Sep 1991, 0.00245,0.02975,0.07164,0.15903,0.76854,2.29307
NO3,  4 Sep 1991, 0.00409,0.03233,0.07200,0.15659,0.76684,2.29344
NO3,  5 Sep 1991, 0.00667,0.03692,0.07591,0.15862,0.76521,2.29429
NO3,  6 Sep 1991, 0.01021,0.04358,0.08199,0.16114,0.76485,2.29570
NO3,  7 Sep 1991, 0.02350,0.05255,0.08915,0.16388,0.76328,2.29762
NO3,  8 Sep 1991, 0.03631,0.06262,0.09664,0.16686,0.76184,2.29955
NO3,  9 Sep 1991, 0.04836,0.07399,0.10537,0.17170,0.76555,2.30150
NO3, 10 Sep 1991, 0.05204,0.08570,0.11625,0.17611,0.76570,2.30272
NO3, 11 Sep 1991, 0.05340,0.09023,0.12423,0.18425,0.76602,2.30305
NO3, 12 Sep 1991, 0.03156,0.08394,0.12621,0.19283,0.76621,2.30261
NO3, 13 Sep 1991, 0.02561,0.07607,0.12458,0.19830,0.77067,2.30185
NO3, 14 Sep 1991, 0.02398,0.06946,0.12107,0.19969,0.77479,2.30106
NO3, 15 Sep 1991, 0.00425,0.06796,0.11921,0.19944,0.77776,2.30090
NO3, 16 Sep 1991, 0.00579,0.06834,0.11934,0.19875,0.77817,2.30116
NO3, 17 Sep 1991, 0.01036,0.06743,0.12094,0.19907,0.77692,2.30139
NO3, 18 Sep 1991, 0.00623,0.06759,0.12318,0.20141,0.78006,2.30178
NO3, 19 Sep 1991, 0.00549,0.06647,0.12369,0.20231,0.78133,2.30195
NO3, 20 Sep 1991, 0.00969,0.06486,0.12343,0.20230,0.78296,2.30170
NO3, 21 Sep 1991, 0.00300,0.06275,0.12303,0.20168,0.77977,2.30114
NO3, 22 Sep 1991, 0.00384,0.06191,0.12359,0.20274,0.77957,2.30080
NO3, 23 Sep 1991, 0.00810,0.06064,0.12382,0.20295,0.77951,2.30057
NO3, 24 Sep 1991, 0.00612,0.06234,0.12449,0.20122,0.77865,2.30075
NO3, 25 Sep 1991, 0.00924,0.06673,0.12799,0.19980,0.77927,2.30153
NO3, 26 Sep 1991, 0.01458,0.06761,0.13383,0.20423,0.78176,2.30251
NO3, 27 Sep 1991, 0.01001,0.06826,0.13649,0.21127,0.78304,2.30362
NO3, 28 Sep 1991, 0.01173,0.06575,0.13668,0.21815,0.78711,2.30496
NO3, 29 Sep 1991, 0.01249,0.06427,0.13542,0.22120,0.79064,2.30638
NO3, 30 Sep 1991, 0.01296,0.06572,0.13531,0.22204,0.79319,2.30785
NO3,  1 Oct 1991, 0.02977,0.07294,0.13864,0.22333,0.79798,2.30997
NO3,  2 Oct 1991, 0.03489,0.08318,0.14594,0.22243,0.80169,2.31278
NO3,  3 Oct 1991, 0.05603,0.09693,0.15553,0.22348,0.80643,2.31628
NO3,  4 Oct 1991, 0.06257,0.11480,0.16745,0.22665,0.81233,2.32051
NO3,  5 Oct 1991, 0.05205,0.13672,0.18165,0.23165,0.81921,2.32537
NO3,  6 Oct 1991, 0.06043,0.16151,0.19740,0.23797,0.82672,2.33066
NO3,  7 Oct 1991, 0.11667,0.18504,0.21220,0.24404,0.83349,2.33549
NO3,  8 Oct 1991, 0.15151,0.20548,0.22504,0.24923,0.83908,2.33957
NO3,  9 Oct 1991, 0.17422,0.22111,0.23509,0.25307,0.84321,2.34271
NO3, 10 Oct 1991, 0.18461,0.23264,0.24289,0.25581,0.84621,2.34507
NO3, 11 Oct 1991, 0.18271,0.24215,0.24976,0.25818,0.84868,2.34705
NO3, 12 Oct 1991, 0.17493,0.25244,0.25754,0.26113,0.85145,2.34925
NO3, 13 Oct 1991, 0.13227,0.26444,0.26690,0.26501,0.85480,2.35186
NO3, 14 Oct 1991, 0.07613,0.27827,0.27800,0.26989,0.85880,2.35499
NO3, 15 Oct 1991, 0.03343,0.29391,0.29089,0.27578,0.86347,2.35868
NO3, 16 Oct 1991, 0.00000,0.30751,0.30285,0.28126,0.86781,2.36221
NO3, 17 Oct 1991, 0.00000,0.31706,0.31225,0.28546,0.87125,2.36514
NO3, 18 Oct 1991, 0.00000,0.32413,0.32008,0.28890,0.87415,2.36770
NO3, 19 Oct 1991, 0.00000,0.32992,0.32717,0.29201,0.87684,2.37014
NO3, 20 Oct 1991, 0.00000,0.33437,0.33343,0.29473,0.87927,2.37242
NO3, 21 Oct 1991, 0.00000,0.33946,0.34043,0.29792,0.88206,2.37505
NO3, 22 Oct 1991, 0.00000,0.34451,0.34768,0.30131,0.88503,2.37791
NO3, 23 Oct 1991, 0.00142,0.34842,0.35425,0.30440,0.88784,2.38071
NO3, 24 Oct 1991, 0.04313,0.35315,0.36072,0.30766,0.89091,2.38385
NO3, 25 Oct 1991, 0.08829,0.35944,0.36654,0.31058,0.89384,2.38700
NO3, 26 Oct 1991, 0.12222,0.36650,0.37096,0.31259,0.89610,2.38957
NO3, 27 Oct 1991, 0.14399,0.36807,0.37449,0.31410,0.89798,2.39180
NO3, 28 Oct 1991, 0.16299,0.36716,0.37749,0.31535,0.89968,2.39388
NO3, 29 Oct 1991, 0.18380,0.36644,0.38027,0.31655,0.90135,2.39597
NO3, 30 Oct 1991, 0.20292,0.37115,0.38375,0.31822,0.90348,2.39863
NO3, 31 Oct 1991, 0.22997,0.37574,0.38747,0.32010,0.90581,2.40161
NO3,  1 Nov 1991, 0.24808,0.37872,0.39054,0.32162,0.90789,2.40437
NO3,  2 Nov 1991, 0.27225,0.38116,0.39322,0.32295,0.90984,2.40704
NO3,  3 Nov 1991, 0.26208,0.42081,0.39821,0.32468,0.91229,2.41052
NO3,  4 Nov 1991, 0.26664,0.43866,0.40687,0.32591,0.91430,2.41351
NO3,  5 Nov 1991, 0.22966,0.42474,0.41312,0.32696,0.91615,2.41637
NO3,  6 Nov 1991, 0.23574,0.40660,0.41720,0.32819,0.91818,2.41955
NO3,  7 Nov 1991, 0.26097,0.39443,0.42074,0.32940,0.92022,2.42283
NO3,  8 Nov 1991, 0.28606,0.38538,0.42314,0.33014,0.92184,2.42559
NO3,  9 Nov 1991, 0.30723,0.37922,0.42486,0.33059,0.92320,2.42804
NO3, 10 Nov 1991, 0.32277,0.37527,0.42606,0.33082,0.92438,2.43026
NO3, 11 Nov 1991, 0.30613,0.37271,0.42686,0.33088,0.92540,2.43230
NO3, 12 Nov 1991, 0.29409,0.37120,0.42745,0.33083,0.92633,2.43426
NO3, 13 Nov 1991, 0.28505,0.37167,0.42820,0.33083,0.92733,2.43637
NO3, 14 Nov 1991, 0.27936,0.37308,0.42895,0.33081,0.92832,2.43852
NO3, 15 Nov 1991, 0.27606,0.37491,0.42964,0.33074,0.92928,2.44068
NO3, 16 Nov 1991, 0.27444,0.37756,0.43045,0.33069,0.93028,2.44297
NO3, 17 Nov 1991, 0.25945,0.37988,0.43113,0.33059,0.93123,2.44524
NO3, 18 Nov 1991, 0.23862,0.38253,0.43190,0.33050,0.93221,2.44764
NO3, 19 Nov 1991, 0.21325,0.38706,0.43324,0.33059,0.93338,2.45040
NO3, 20 Nov 1991, 0.19987,0.38982,0.43417,0.33055,0.93442,2.45303
NO3, 21 Nov 1991, 0.19252,0.39092,0.43470,0.33037,0.93536,2.45553
NO3, 22 Nov 1991, 0.18520,0.38901,0.43514,0.33016,0.93628,2.45805
NO3, 23 Nov 1991, 0.18194,0.38451,0.43553,0.32995,0.93720,2.46062
NO3, 24 Nov 1991, 0.18449,0.37822,0.43558,0.32968,0.93807,2.46316
NO3, 25 Nov 1991, 0.18712,0.37066,0.43528,0.32937,0.93910,2.46600
NO3, 26 Nov 1991, 0.06836,0.36485,0.43479,0.32904,0.94067,2.46993
NO3, 27 Nov 1991, 0.00000,0.35961,0.43413,0.32868,0.94208,2.47360
NO3, 28 Nov 1991, 0.00000,0.35482,0.43331,0.32829,0.94326,2.47686
NO3, 29 Nov 1991, 0.00000,0.35013,0.43235,0.32786,0.94426,2.47979
NO3, 30 Nov 1991, 0.00000,0.34553,0.43123,0.32739,0.94496,2.48215
NO3,  1 Dec 1991, 0.00000,0.34103,0.43000,0.32687,0.94557,2.48434
NO3,  2 Dec 1991, 0.00000,0.33661,0.42866,0.32631,0.94615,2.48650
NO3,  3 Dec 1991, 0.00000,0.33225,0.42722,0.32569,0.94671,2.48871
NO3,  4 Dec 1991, 0.00000,0.32797,0.42569,0.32504,0.94719,2.49082
NO3,  5 Dec 1991, 0.00000,0.32376,0.42408,0.32435,0.94771,2.49308
NO3,  6 Dec 1991, 0.00000,0.31962,0.42242,0.32362,0.94822,2.49539
NO3,  7 Dec 1991, 0.00000,0.31554,0.42072,0.32288,0.94871,2.49771
NO3,  8 Dec 1991, 0.00000,0.31153,0.41897,0.32212,0.94922,2.50011
NO3,  9 Dec 1991, 0.00000,0.30758,0.41719,0.32134,0.94981,2.50273
NO3, 10 Dec 1991, 0.10933,0.32044,0.43203,0.32069,0.95077,2.51100
NO3, 11 Dec 1991, 0.22304,0.32992,0.47288,0.32087,0.95172,2.51803
NO3, 12 Dec 1991, 0.15042,0.30843,0.51614,0.32336,0.95286,2.52411
NO3, 13 Dec 1991, 0.12854,0.27492,0.51934,0.37020,0.95433,2.52897
NO3, 14 Dec 1991, 0.02727,0.22950,0.48937,0.43348,0.95613,2.53241
NO3, 15 Dec 1991, 0.02512,0.17531,0.44470,0.49084,0.95831,2.53548
NO3, 16 Dec 1991, 0.02785,0.14173,0.40267,0.52474,0.96068,2.53865
NO3, 17 Dec 1991, 0.05890,0.12628,0.37529,0.54452,0.96471,2.54199
NO3, 18 Dec 1991, 0.08610,0.12441,0.35466,0.54918,0.97417,2.54537
NO3, 19 Dec 1991, 0.11590,0.12632,0.34180,0.54781,0.98612,2.54887
NO3, 20 Dec 1991, 0.13582,0.12918,0.33294,0.54079,0.99550,2.55241
NO3, 21 Dec 1991, 0.18537,0.14695,0.34093,0.54767,1.00683,2.55629
NO3, 22 Dec 1991, 0.22849,0.16298,0.34338,0.54315,1.01520,2.56085
NO3, 23 Dec 1991, 0.29622,0.18769,0.35450,0.54177,1.02295,2.56670
NO3, 24 Dec 1991, 0.38228,0.21877,0.37157,0.54337,1.03015,2.57329
NO3, 25 Dec 1991, 0.45957,0.25646,0.39616,0.54523,1.03750,2.58049
NO3, 26 Dec 1991, 0.44914,0.30447,0.42542,0.55160,1.04627,2.58862
NO3, 27 Dec 1991, 0.43404,0.36566,0.46210,0.56261,1.05702,2.59798
NO3, 28 Dec 1991, 0.42098,0.42289,0.49642,0.57280,1.06752,2.60676
NO3, 29 Dec 1991, 0.36209,0.46939,0.52468,0.58137,1.07714,2.61426
NO3, 30 Dec 1991, 0.32108,0.50124,0.54439,0.58644,1.08502,2.62012
NO3, 31 Dec 1991, 0.19169,0.53522,0.59065,0.61796,1.09321,2.62607
NO3,  1 Jan 1992, 0.20724,0.51256,0.61778,0.66281,1.10717,2.63094
NO3,  2 Jan 1992, 0.10507,0.45728,0.61869,0.70117,1.13586,2.63605
NO3,  3 Jan 1992, 0.14499,0.41217,0.60540,0.72765,1.17291,2.64224
NO3,  4 Jan 1992, 0.20602,0.38960,0.59251,0.74711,1.21450,2.64928
NO3,  5 Jan 1992, 0.26864,0.38298,0.58425,0.76489,1.25936,2.65715
NO3,  6 Jan 1992, 0.32237,0.37592,0.57276,0.77805,1.30545,2.66519
NO3,  7 Jan 1992, 0.37070,0.35400,0.55551,0.78041,1.34597,2.67342
NO3,  8 Jan 1992, 0.37255,0.37145,0.54694,0.78264,1.38358,2.68179
NO3,  9 Jan 1992, 0.33297,0.38803,0.55373,0.80146,1.41172,2.70965
NO3, 10 Jan 1992, 0.28126,0.36699,0.54398,0.82134,1.43450,2.75926
NO3, 11 Jan 1992, 0.09279,0.29173,0.50707,0.82684,1.45064,2.82929
NO3, 12 Jan 1992, 0.04948,0.22894,0.45701,0.81266,1.45558,2.91136
NO3, 13 Jan 1992, 0.11340,0.19530,0.41416,0.78724,1.45114,2.94864
NO3, 14 Jan 1992, 0.21051,0.19537,0.38679,0.75811,1.43601,2.94256
NO3, 15 Jan 1992, 0.36016,0.22158,0.38015,0.73648,1.42016,2.91352
NO3, 16 Jan 1992, 0.53715,0.25973,0.38716,0.72170,1.40446,2.87439
NO3, 17 Jan 1992, 0.68119,0.30190,0.40040,0.71327,1.39069,2.83410
NO3, 18 Jan 1992, 0.68917,0.34292,0.42044,0.71030,1.38130,2.79902
NO3, 19 Jan 1992, 0.66949,0.38549,0.44844,0.71705,1.37201,2.77356
NO3, 20 Jan 1992, 0.65883,0.43408,0.47862,0.72567,1.37548,2.75360
NO3, 21 Jan 1992, 0.65269,0.49202,0.51240,0.73583,1.38016,2.74904
NO3, 22 Jan 1992, 0.82712,0.63560,0.56410,0.75239,1.39143,2.75630
NO3, 23 Jan 1992, 1.12535,0.74233,0.62656,0.77152,1.40543,2.76900
NO3, 24 Jan 1992, 0.90789,0.86487,0.75456,0.84468,1.42447,2.78067
NO3, 25 Jan 1992, 0.96056,0.88015,0.84555,0.93885,1.47136,2.79070
NO3, 26 Jan 1992, 0.53944,0.75109,0.85630,1.00908,1.53576,2.79941
NO3, 27 Jan 1992, 0.52302,0.63003,0.81907,1.04449,1.58412,2.82618
NO3, 28 Jan 1992, 0.60493,0.53926,0.76738,1.04846,1.61013,2.84442
NO3, 29 Jan 1992, 0.73804,0.51117,0.72551,1.03416,1.61819,2.85151
NO3, 30 Jan 1992, 0.88857,0.51783,0.70610,1.01967,1.62146,2.85082
NO3, 31 Jan 1992, 1.03516,0.56691,0.70806,1.00992,1.62220,2.84684
NO3,  1 Feb 1992, 1.22789,0.58908,0.71503,0.99960,1.61354,2.84121
NO3,  2 Feb 1992, 1.37091,0.61393,0.73207,0.99787,1.61161,2.83629
NO3,  3 Feb 1992, 1.54695,0.64533,0.75021,0.99590,1.60934,2.83977
NH4,  1 Aug 1990, 0.00000,0.00000,0.00000,0.00000,0.00000,0.00000
NH4,  2 Aug 1990, 0.00000,0.00000,0.00000,0.00000,0.00000,0.00000
NH4,  3 Aug 1990, 0.00000,0.00000,0.00000,0.00000,0.00000,0.00000
NH4,  4 Aug 1990, 0.00000,0.00000,0.00000,0.00000,0.00000,0.00000
NH4,  5 Aug 1990, 0.00000,0.00000,0.00000,0.00000,0.00000,0.00000
NH4,  6 Aug 1990, 0.00000,0.00000,0.00000,0.00000,0.00000,0.00000
NH4,  7 Aug 1990, 0.00000,0.00000,0.00000,0.00000,0.00000,0.00000
NH4,  8 Aug 1990, 0.00000,0.00000,0.00000,0.00000,0.00000,0.00000
NH4,  9 Aug 1990, 0.00000,0.00000,0.00000,0.00000,0.00000,0.00000
NH4, 10 Aug 1990, 0.00000,0.00000,0.00000,0.00000,0.00000,0.00000
NH4, 11 Aug 1990, 0.00000,0.00000,0.00000,0.00000,0.00000,0.00000
NH4, 12 Aug 1990, 0.00000,0.00000,0.00000,0.00000,0.00000,0.00000
NH4, 13 Aug 1990, 0.00000,0.00000,0.00000,0.00000,0.00000,0.00000
NH4, 14 Aug 1990, 0.00000,0.00000,0.00000,0.00000,0.00000,0.00000
NH4, 15 Aug 1990, 0.00000,0.00000,0.00000,0.00000,0.00000,0.00000
NH4, 16 Aug 1990, 0.00000,0.00000,0.00000,0.00000,0.00000,0.00000
NH4, 17 Aug 1990, 0.00000,0.00000,0.00000,0.00000,0.00000,0.00000
NH4, 18 Aug 1990, 0.00000,0.00000,0.00000,0.00000,0.00000,0.00000
NH4, 19 Aug 1990, 0.00000,0.00000,0.00000,0.00000,0.00000,0.00000
NH4, 20 Aug 1990, 0.00000,0.00000,0.00000,0.00000,0.00000,0.00000
NH4, 21 Aug 1990, 0.00000,0.00000,0.00000,0.00000,0.00000,0.00000
NH4, 22 Aug 1990, 0.00000,0.00000,0.00000,0.00000,0.00000,0.00000
NH4, 23 Aug 1990, 0.00000,0.00000,0.00000,0.00000,0.00000,0.00000
NH4, 24 Aug 1990, 0.00000,0.00000,0.00000,0.00000,0.00000,0.00000
NH4, 25 Aug 1990, 0.00000,0.00000,0.00000,0.00000,0.00000,0.00000
NH4, 26 Aug 1990, 0.00000,0.00000,0.00000,0.00000,0.00000,0.00000
NH4, 27 Aug 1990, 0.00000,0.00000,0.00000,0.00000,0.00000,0.00000
NH4, 28 Aug 1990, 0.00000,0.00000,0.00000,0.00000,0.00000,0.00000
NH4, 29 Aug 1990, 0.00000,0.00000,0.00000,0.00000,0.00000,0.00000
NH4, 30 Aug 1990, 0.00000,0.00000,0.00000,0.00000,0.00000,0.00000
NH4, 31 Aug 1990, 0.00000,0.00000,0.00000,0.00000,0.00000,0.00000
NH4,  1 Sep 1990, 0.00000,0.00000,0.00000,0.00000,0.00000,0.00000
NH4,  2 Sep 1990, 0.00000,0.00000,0.00000,0.00000,0.00000,0.00000
NH4,  3 Sep 1990, 0.00000,0.00000,0.00000,0.00000,0.00000,0.00000
NH4,  4 Sep 1990, 0.00000,0.00000,0.00000,0.00000,0.00000,0.00000
NH4,  5 Sep 1990, 0.00000,0.00000,0.00000,0.00000,0.00000,0.00000
NH4,  6 Sep 1990, 0.00493,0.00000,0.00000,0.00000,0.00000,0.00000
NH4,  7 Sep 1990, 0.01673,0.00000,0.00000,0.00000,0.00000,0.00000
NH4,  8 Sep 1990, 0.01675,0.00000,0.00000,0.00000,0.00000,0.00000
NH4,  9 Sep 1990, 0.03027,0.00000,0.00000,0.00000,0.00000,0.00000
NH4, 10 Sep 1990, 0.01659,0.00000,0.00000,0.00000,0.00000,0.00000
NH4, 11 Sep 1990, 0.01903,0.00000,0.00000,0.00000,0.00000,0.00000
NH4, 12 Sep 1990, 0.03655,0.00000,0.00000,0.00000,0.00000,0.00000
NH4, 13 Sep 1990, 0.03437,0.00000,0.00000,0.00000,0.00000,0.00000
NH4, 14 Sep 1990, 0.03438,0.00000,0.00000,0.00000,0.00000,0.00000
NH4, 15 Sep 1990, 0.03266,0.00000,0.00000,0.00000,0.00000,0.00000
NH4, 16 Sep 1990, 0.02484,0.00000,0.00000,0.00000,0.00000,0.00000
NH4, 17 Sep 1990, 0.02915,0.00000,0.00000,0.00000,0.00000,0.00000
NH4, 18 Sep 1990, 0.03367,0.00000,0.00000,0.00000,0.00000,0.00000
NH4, 19 Sep 1990, 0.03880,0.00000,0.00000,0.00000,0.00000,0.00000
NH4, 20 Sep 1990, 0.04178,0.00000,0.00000,0.00000,0.00000,0.00000
NH4, 21 Sep 1990, 0.04514,0.00000,0.00000,0.00000,0.00000,0.00000
NH4, 22 Sep 1990, 0.04628,0.00000,0.00000,0.00000,0.00000,0.00000
NH4, 23 Sep 1990, 0.04885,0.00000,0.00000,0.00000,0.00000,0.00000
NH4, 24 Sep 1990, 0.05148,0.00000,0.00000,0.00000,0.00000,0.00000
NH4, 25 Sep 1990, 0.05958,0.00000,0.00000,0.00000,0.00000,0.00000
NH4, 26 Sep 1990, 0.05182,0.00000,0.00000,0.00000,0.00000,0.00000
NH4, 27 Sep 1990, 0.03113,0.00000,0.00000,0.00000,0.00000,0.00000
NH4, 28 Sep 1990, 0.02316,0.00000,0.00000,0.00000,0.00000,0.00000
NH4, 29 Sep 1990, 0.01422,0.00000,0.00000,0.00000,0.00000,0.00002
NH4, 30 Sep 1990, 0.00647,0.00000,0.00000,0.00000,0.00000,0.00010
NH4,  1 Oct 1990, 0.00000,0.00000,0.00000,0.00000,0.00000,0.00021
NH4,  2 Oct 1990, 0.00000,0.00000,0.00000,0.00000,0.00000,0.00037
NH4,  3 Oct 1990, 0.00000,0.00000,0.00000,0.00000,0.00000,0.00056
NH4,  4 Oct 1990, 0.00000,0.00000,0.00000,0.00000,0.00000,0.00080
NH4,  5 Oct 1990, 0.05566,0.00000,0.00000,0.00000,0.00000,0.00109
NH4,  6 Oct 1990, 0.05269,0.00000,0.00000,0.00000,0.00000,0.00141
NH4,  7 Oct 1990, 0.03881,0.00000,0.00000,0.00000,0.00000,0.00176
NH4,  8 Oct 1990, 0.05341,0.00000,0.00000,0.00000,0.00000,0.00214
NH4,  9 Oct 1990, 0.05021,0.00000,0.00000,0.00000,0.00000,0.00252
NH4, 10 Oct 1990, 0.04649,0.00000,0.00000,0.00000,0.00000,0.00292
NH4, 11 Oct 1990, 0.05283,0.00000,0.00000,0.00000,0.00000,0.00337
NH4, 12 Oct 1990, 0.05319,0.00000,0.00000,0.00000,0.00000,0.00383
NH4, 13 Oct 1990, 0.05404,0.00000,0.00000,0.00000,0.00000,0.00429
NH4, 14 Oct 1990, 0.05552,0.00000,0.00000,0.00000,0.00000,0.00478
NH4, 15 Oct 1990, 0.05845,0.00000,0.00000,0.00000,0.00000,0.00529
NH4, 16 Oct 1990, 0.05755,0.00000,0.00000,0.00000,0.00000,0.00580
NH4, 17 Oct 1990, 0.06277,0.00370,0.00000,0.00000,0.00000,0.00634
NH4, 18 Oct 1990, 0.06595,0.00718,0.00000,0.00000,0.00000,0.00693
NH4, 19 Oct 1990, 0.06126,0.00745,0.00000,0.00000,0.00000,0.00758
NH4, 20 Oct 1990, 0.05690,0.00494,0.00000,0.00000,0.00000,0.00817
NH4, 21 Oct 1990, 0.04727,0.00534,0.00000,0.00000,0.00000,0.00871
NH4, 22 Oct 1990, 0.04526,0.00663,0.00000,0.00000,0.00000,0.00921
NH4, 23 Oct 1990, 0.04183,0.00791,0.00000,0.00000,0.00000,0.00966
NH4, 24 Oct 1990, 0.04652,0.01090,0.00000,0.00000,0.00000,0.01014
NH4, 25 Oct 1990, 0.05509,0.01410,0.00000,0.00000,0.00000,0.01068
NH4, 26 Oct 1990, 0.06716,0.01369,0.00000,0.00000,0.00000,0.01129
NH4, 27 Oct 1990, 0.08023,0.01502,0.00000,0.00000,0.00000,0.01196
NH4, 28 Oct 1990, 0.06882,0.01688,0.00000,0.00000,0.00000,0.01270
NH4, 29 Oct 1990, 0.04939,0.01828,0.00000,0.00000,0.00000,0.01347
NH4, 30 Oct 1990, 0.03890,0.01958,0.00000,0.00000,0.00000,0.01429
NH4, 31 Oct 1990, 0.02974,0.01815,0.00000,0.00000,0.00000,0.01511
NH4,  1 Nov 1990, 0.01817,0.01508,0.00000,0.00000,0.00000,0.01592
NH4,  2 Nov 1990, 0.00000,0.00923,0.00000,0.00000,0.00000,0.01670
NH4,  3 Nov 1990, 0.00000,0.00310,0.00000,0.00000,0.00000,0.01743
NH4,  4 Nov 1990, 0.10094,0.00948,0.00000,0.00000,0.00000,0.01819
NH4,  5 Nov 1990, 0.09969,0.00625,0.00000,0.00000,0.00000,0.01892
NH4,  6 Nov 1990, 0.10045,0.00957,0.00000,0.00000,0.00000,0.01962
NH4,  7 Nov 1990, 0.10111,0.01231,0.00000,0.00000,0.00000,0.02029
NH4,  8 Nov 1990, 0.10651,0.01539,0.00000,0.00000,0.00000,0.02094
NH4,  9 Nov 1990, 0.10512,0.01469,0.00002,0.00000,0.00000,0.02154
NH4, 10 Nov 1990, 0.09888,0.01195,0.00037,0.00000,0.00000,0.02211
NH4, 11 Nov 1990, 0.08876,0.00850,0.00083,0.00000,0.00000,0.02261
NH4, 12 Nov 1990, 0.08568,0.00825,0.00134,0.00000,0.00000,0.02307
NH4, 13 Nov 1990, 0.06716,0.00859,0.00185,0.00000,0.00000,0.02350
NH4, 14 Nov 1990, 0.07874,0.00993,0.00240,0.00000,0.00000,0.02392
NH4, 15 Nov 1990, 0.10396,0.01069,0.00296,0.00000,0.00000,0.02433
NH4, 16 Nov 1990, 0.11230,0.01016,0.00348,0.00000,0.00000,0.02471
NH4, 17 Nov 1990, 0.08782,0.00655,0.00391,0.00000,0.00000,0.02506
NH4, 18 Nov 1990, 0.04484,0.00289,0.00423,0.00000,0.00000,0.02540
NH4, 19 Nov 1990, 0.01720,0.00078,0.00446,0.00000,0.00000,0.02571
NH4, 20 Nov 1990, 0.00000,0.00000,0.00461,0.00000,0.00000,0.02600
NH4, 21 Nov 1990, 0.00000,0.00000,0.00472,0.00000,0.00000,0.02626
NH4, 22 Nov 1990, 0.00000,0.00000,0.00477,0.00000,0.00000,0.02651
NH4, 23 Nov 1990, 0.00000,0.00000,0.00478,0.00000,0.00000,0.02674
NH4, 24 Nov 1990, 0.00000,0.00000,0.00475,0.00000,0.00000,0.02695
NH4, 25 Nov 1990, 0.00000,0.00000,0.00469,0.00000,0.00000,0.02715
NH4, 26 Nov 1990, 0.00000,0.00000,0.00461,0.00000,0.00000,0.02734
NH4, 27 Nov 1990, 0.00000,0.00000,0.00450,0.00000,0.00000,0.02751
NH4, 28 Nov 1990, 0.00000,0.00000,0.00436,0.00000,0.00000,0.02766
NH4, 29 Nov 1990, 0.00000,0.00000,0.00419,0.00000,0.00000,0.02779
NH4, 30 Nov 1990, 0.00000,0.00000,0.00405,0.00000,0.00000,0.02791
NH4,  1 Dec 1990, 0.00000,0.00000,0.00400,0.00000,0.00000,0.02802
NH4,  2 Dec 1990, 0.00000,0.00000,0.00404,0.00000,0.00000,0.02809
NH4,  3 Dec 1990, 0.13536,0.04291,0.00445,0.00000,0.00000,0.02764
NH4,  4 Dec 1990, 0.13616,0.02109,0.00634,0.00000,0.00000,0.02741
NH4,  5 Dec 1990, 0.14001,0.01939,0.00955,0.00000,0.00000,0.02733
NH4,  6 Dec 1990, 0.14135,0.02114,0.01231,0.00000,0.00000,0.02731
NH4,  7 Dec 1990, 0.14537,0.02200,0.01467,0.00000,0.00000,0.02731
NH4,  8 Dec 1990, 0.13563,0.02047,0.01638,0.00000,0.00000,0.02735
NH4,  9 Dec 1990, 0.08839,0.01766,0.01755,0.00000,0.00000,0.02742
NH4, 10 Dec 1990, 0.13394,0.01238,0.01965,0.00000,0.00000,0.02731
NH4, 11 Dec 1990, 0.11561,0.00820,0.02153,0.00000,0.00000,0.02738
NH4, 12 Dec 1990, 0.11964,0.00624,0.02310,0.00000,0.00000,0.02755
NH4, 13 Dec 1990, 0.11109,0.00656,0.02434,0.00000,0.00000,0.02774
NH4, 14 Dec 1990, 0.10850,0.00888,0.02546,0.00000,0.00000,0.02792
NH4, 15 Dec 1990, 0.09812,0.01258,0.02665,0.00000,0.00000,0.02807
NH4, 16 Dec 1990, 0.07778,0.01658,0.02793,0.00000,0.00000,0.02818
NH4, 17 Dec 1990, 0.04624,0.01905,0.02921,0.00000,0.00000,0.02825
NH4, 18 Dec 1990, 0.00281,0.02139,0.03019,0.00000,0.00000,0.02827
NH4, 19 Dec 1990, 0.02707,0.01964,0.03051,0.00000,0.00000,0.02830
NH4, 20 Dec 1990, 0.00000,0.01883,0.03026,0.00000,0.00000,0.02833
NH4, 21 Dec 1990, 0.00000,0.01839,0.02969,0.00000,0.00000,0.02838
NH4, 22 Dec 1990, 0.00000,0.01801,0.02890,0.00000,0.00000,0.02843
NH4, 23 Dec 1990, 0.00000,0.01763,0.02813,0.00000,0.00000,0.02850
NH4, 24 Dec 1990, 0.00000,0.01703,0.02717,0.00000,0.00000,0.02856
NH4, 25 Dec 1990, 0.00000,0.01624,0.02614,0.00000,0.00000,0.02862
NH4, 26 Dec 1990, 0.00000,0.01524,0.02501,0.00000,0.00000,0.02867
NH4, 27 Dec 1990, 0.00000,0.01414,0.02388,0.00000,0.00000,0.02871
NH4, 28 Dec 1990, 0.00000,0.01285,0.02264,0.00000,0.00000,0.02874
NH4, 29 Dec 1990, 0.00000,0.01186,0.02130,0.00000,0.00000,0.02876
NH4, 30 Dec 1990, 0.00000,0.01134,0.01996,0.00000,0.00000,0.02876
NH4, 31 Dec 1990, 0.00000,0.01107,0.01860,0.00000,0.00000,0.02874
NH4,  1 Jan 1991, 0.00000,0.01090,0.01725,0.00000,0.00000,0.02871
NH4,  2 Jan 1991, 0.00000,0.01070,0.01597,0.00000,0.00000,0.02868
NH4,  3 Jan 1991, 0.00000,0.01046,0.01481,0.00000,0.00000,0.02863
NH4,  4 Jan 1991, 0.00000,0.01015,0.01412,0.00000,0.00000,0.02857
NH4,  5 Jan 1991, 0.16961,0.02262,0.02117,0.00000,0.00000,0.02700
NH4,  6 Jan 1991, 0.15169,0.02443,0.02716,0.00000,0.00000,0.02616
NH4,  7 Jan 1991, 0.14566,0.02351,0.03098,0.00000,0.00000,0.02570
NH4,  8 Jan 1991, 0.14444,0.02749,0.03453,0.00000,0.00000,0.02553
NH4,  9 Jan 1991, 0.14022,0.02963,0.03709,0.00000,0.00000,0.02550
NH4, 10 Jan 1991, 0.14034,0.03384,0.03994,0.00000,0.00000,0.02550
NH4, 11 Jan 1991, 0.15608,0.03644,0.04164,0.00000,0.00000,0.02532
NH4, 12 Jan 1991, 0.16243,0.03930,0.04326,0.00000,0.00000,0.02514
NH4, 13 Jan 1991, 0.14858,0.04123,0.04403,0.00000,0.00000,0.02489
NH4, 14 Jan 1991, 0.11787,0.04261,0.04430,0.00000,0.00000,0.02463
NH4, 15 Jan 1991, 0.05292,0.04411,0.04466,0.00000,0.00000,0.02445
NH4, 16 Jan 1991, 0.01262,0.04653,0.04580,0.00000,0.00000,0.02444
NH4, 17 Jan 1991, 0.05495,0.04912,0.04714,0.00000,0.00000,0.02450
NH4, 18 Jan 1991, 0.00000,0.05160,0.04847,0.00000,0.00000,0.02458
NH4, 19 Jan 1991, 0.00000,0.05404,0.04983,0.00000,0.00000,0.02468
NH4, 20 Jan 1991, 0.00000,0.05548,0.05075,0.00000,0.00000,0.02478
NH4, 21 Jan 1991, 0.15788,0.05675,0.05125,0.00000,0.00000,0.02462
NH4, 22 Jan 1991, 0.15178,0.05658,0.05110,0.00008,0.00000,0.02425
NH4, 23 Jan 1991, 0.13580,0.05609,0.05083,0.00072,0.00000,0.02398
NH4, 24 Jan 1991, 0.13978,0.05645,0.05072,0.00174,0.00000,0.02382
NH4, 25 Jan 1991, 0.14941,0.05786,0.05077,0.00294,0.00000,0.02371
NH4, 26 Jan 1991, 0.16449,0.05993,0.05092,0.00428,0.00000,0.02354
NH4, 27 Jan 1991, 0.16368,0.06294,0.05173,0.00569,0.00000,0.02343
NH4, 28 Jan 1991, 0.13765,0.06577,0.05262,0.00720,0.00031,0.02324
NH4, 29 Jan 1991, 0.09378,0.06886,0.05425,0.00878,0.00127,0.02323
NH4, 30 Jan 1991, 0.08394,0.07168,0.05609,0.01040,0.00263,0.02332
NH4, 31 Jan 1991, 0.09098,0.07389,0.05796,0.01205,0.00427,0.02350
NH4,  1 Feb 1991, 0.04887,0.07538,0.05945,0.01371,0.00610,0.02372
NH4,  2 Feb 1991, 0.01523,0.07624,0.06047,0.01537,0.00806,0.02396
NH4,  3 Feb 1991, 0.00029,0.07552,0.06029,0.01692,0.01013,0.02415
NH4,  4 Feb 1991, 0.00000,0.07389,0.05929,0.01838,0.01223,0.02437
NH4,  5 Feb 1991, 0.14418,0.07202,0.05766,0.01969,0.01428,0.02448
NH4,  6 Feb 1991, 0.22501,0.07135,0.05673,0.02103,0.01629,0.02455
NH4,  7 Feb 1991, 0.15433,0.07194,0.05638,0.02237,0.01826,0.02479
NH4,  8 Feb 1991, 0.11244,0.07320,0.05690,0.02381,0.02021,0.02535
NH4,  9 Feb 1991, 0.08836,0.07377,0.05835,0.02542,0.02217,0.02625
NH4, 10 Feb 1991, 0.05377,0.07655,0.06130,0.02740,0.02427,0.02756
NH4, 11 Feb 1991, 0.06621,0.07906,0.06394,0.02924,0.02621,0.02891
NH4, 12 Feb 1991, 0.04767,0.08133,0.06621,0.03093,0.02802,0.03021
NH4, 13 Feb 1991, 0.03393,0.08309,0.06799,0.03246,0.02966,0.03136
NH4, 14 Feb 1991, 0.01391,0.08395,0.06903,0.03367,0.03107,0.03226
NH4, 15 Feb 1991, 0.12689,0.08504,0.06973,0.03470,0.03230,0.03295
NH4, 16 Feb 1991, 0.08968,0.08751,0.07116,0.03596,0.03367,0.03371
NH4, 17 Feb 1991, 0.06970,0.09102,0.07324,0.03745,0.03516,0.03458
NH4, 18 Feb 1991, 0.02869,0.09516,0.07573,0.03907,0.03673,0.03552
NH4, 19 Feb 1991, 0.00666,0.09927,0.07820,0.04066,0.03825,0.03644
NH4, 20 Feb 1991, 0.00000,0.10321,0.08056,0.04217,0.03970,0.03733
NH4, 21 Feb 1991, 0.00000,0.10634,0.08233,0.04343,0.04095,0.03808
NH4, 22 Feb 1991, 0.00000,0.10827,0.08325,0.04430,0.04191,0.03860
NH4, 23 Feb 1991, 0.00000,0.11019,0.08414,0.04515,0.04285,0.03910
NH4, 24 Feb 1991, 0.00000,0.11255,0.08535,0.04612,0.04384,0.03964
NH4, 25 Feb 1991, 0.00000,0.11332,0.08546,0.04661,0.04449,0.03991
NH4, 26 Feb 1991, 0.00000,0.11247,0.08448,0.04660,0.04476,0.03990
NH4, 27 Feb 1991, 0.00000,0.11395,0.08503,0.04726,0.04549,0.04020
NH4, 28 Feb 1991, 0.00000,0.11587,0.08591,0.04804,0.04630,0.04056
NH4,  1 Mar 1991, 0.00000,0.11869,0.08741,0.04909,0.04731,0.04106
NH4,  2 Mar 1991, 0.00000,0.12237,0.08954,0.05041,0.04851,0.04171
NH4,  3 Mar 1991, 0.00000,0.12620,0.09183,0.05179,0.04976,0.04242
NH4,  4 Mar 1991, 0.00000,0.12892,0.09337,0.05283,0.05074,0.04294
NH4,  5 Mar 1991, 0.00000,0.13036,0.09407,0.05346,0.05142,0.04325
NH4,  6 Mar 1991, 0.00000,0.12986,0.09349,0.05350,0.05165,0.04323
NH4,  7 Mar 1991, 0.00000,0.12690,0.09132,0.05280,0.05133,0.04283
NH4,  8 Mar 1991, 0.00000,0.12300,0.08852,0.05179,0.05076,0.04224
NH4,  9 Mar 1991, 0.00000,0.11996,0.08625,0.05099,0.05032,0.04171
NH4, 10 Mar 1991, 0.00000,0.12083,0.08644,0.05133,0.05070,0.04169
NH4, 11 Mar 1991, 0.00000,0.12340,0.08774,0.05221,0.05149,0.04195
NH4, 12 Mar 1991, 0.00000,0.12738,0.09000,0.05355,0.05265,0.04246
NH4, 13 Mar 1991, 0.00000,0.13167,0.09251,0.05502,0.05392,0.04308
NH4, 14 Mar 1991, 0.00000,0.13562,0.09484,0.05641,0.05512,0.04367
NH4, 15 Mar 1991, 0.00000,0.13859,0.09657,0.05749,0.05610,0.04412
NH4, 16 Mar 1991, 0.00000,0.14083,0.09784,0.05834,0.05690,0.04446
NH4, 17 Mar 1991, 0.00000,0.14191,0.09837,0.05883,0.05743,0.04461
NH4, 18 Mar 1991, 0.00000,0.14208,0.09834,0.05903,0.05772,0.04462
NH4, 19 Mar 1991, 0.00000,0.14221,0.09828,0.05921,0.05800,0.04460
NH4, 20 Mar 1991, 0.00000,0.14228,0.09816,0.05935,0.05824,0.04456
NH4, 21 Mar 1991, 0.00000,0.14335,0.09868,0.05980,0.05871,0.04466
NH4, 22 Mar 1991, 0.00000,0.14580,0.10007,0.06069,0.05951,0.04497
NH4, 23 Mar 1991, 0.00000,0.14852,0.10166,0.06167,0.06039,0.04535
NH4, 24 Mar 1991, 0.00000,0.15123,0.10326,0.06266,0.06128,0.04574
NH4, 25 Mar 1991, 0.00000,0.15365,0.10470,0.06356,0.06210,0.04609
NH4, 26 Mar 1991, 0.00000,0.15547,0.10575,0.06425,0.06275,0.04633
NH4, 27 Mar 1991, 0.00000,0.15635,0.10620,0.06463,0.06316,0.04641
NH4, 28 Mar 1991, 0.00000,0.15676,0.10636,0.06486,0.06344,0.04640
NH4, 29 Mar 1991, 0.04151,0.15670,0.10619,0.06488,0.06351,0.04623
NH4, 30 Mar 1991, 0.06465,0.15743,0.10652,0.06517,0.06379,0.04618
NH4, 31 Mar 1991, 0.06473,0.15870,0.10721,0.06566,0.06425,0.04626
NH4,  1 Apr 1991, 0.06459,0.16016,0.10805,0.06622,0.06478,0.04639
NH4,  2 Apr 1991, 0.06383,0.16350,0.10975,0.06726,0.06554,0.04659
NH4,  3 Apr 1991, 0.06284,0.16424,0.11054,0.06788,0.06624,0.04679
NH4,  4 Apr 1991, 0.07281,0.16635,0.11171,0.06867,0.06684,0.04685
NH4,  5 Apr 1991, 0.08224,0.16750,0.11242,0.06922,0.06728,0.04678
NH4,  6 Apr 1991, 0.09525,0.16919,0.11309,0.06972,0.06752,0.04653
NH4,  7 Apr 1991, 0.11797,0.16855,0.11282,0.06974,0.06756,0.04620
NH4,  8 Apr 1991, 0.14123,0.16819,0.11279,0.06990,0.06772,0.04594
NH4,  9 Apr 1991, 0.16000,0.16893,0.11335,0.07037,0.06810,0.04582
NH4, 10 Apr 1991, 0.17876,0.17031,0.11423,0.07101,0.06859,0.04577
NH4, 11 Apr 1991, 0.18742,0.17194,0.11532,0.07176,0.06921,0.04583
NH4, 12 Apr 1991, 0.19602,0.17397,0.11653,0.07257,0.06982,0.04587
NH4, 13 Apr 1991, 0.20472,0.17639,0.11770,0.07332,0.07028,0.04579
NH4, 14 Apr 1991, 0.22031,0.17864,0.11885,0.07406,0.07080,0.04578
NH4, 15 Apr 1991, 0.22709,0.18120,0.12026,0.07494,0.07141,0.04581
NH4, 16 Apr 1991, 0.23241,0.18313,0.12169,0.07583,0.07202,0.04584
NH4, 17 Apr 1991, 0.24279,0.18434,0.12274,0.07652,0.07256,0.04588
NH4, 18 Apr 1991, 0.24125,0.18491,0.12338,0.07699,0.07303,0.04596
NH4, 19 Apr 1991, 0.24371,0.18661,0.12440,0.07762,0.07347,0.04594
NH4, 20 Apr 1991, 0.26327,0.18770,0.12484,0.07792,0.07371,0.04589
NH4, 21 Apr 1991, 0.27537,0.18975,0.12579,0.07847,0.07381,0.04578
NH4, 22 Apr 1991, 0.30224,0.19084,0.12615,0.07871,0.07348,0.04573
NH4, 23 Apr 1991, 0.32379,0.19250,0.12701,0.07922,0.07318,0.04569
NH4, 24 Apr 1991, 0.33318,0.19352,0.12738,0.07946,0.07253,0.04564
NH4, 25 Apr 1991, 0.31751,0.19455,0.12785,0.07976,0.07180,0.04562
NH4, 26 Apr 1991, 0.30263,0.19495,0.12814,0.07997,0.07106,0.04566
NH4, 27 Apr 1991, 0.24172,0.19342,0.12837,0.08014,0.07003,0.04566
NH4, 28 Apr 1991, 0.20766,0.19026,0.12905,0.08055,0.06905,0.04563
NH4, 29 Apr 1991, 0.19041,0.18735,0.12980,0.08089,0.06816,0.04558
NH4, 30 Apr 1991, 0.18693,0.18568,0.13050,0.08111,0.06729,0.04552
NH4,  1 May 1991, 0.18123,0.18384,0.13014,0.08019,0.06586,0.04537
NH4,  2 May 1991, 0.19493,0.18443,0.13062,0.07944,0.06456,0.04521
NH4,  3 May 1991, 0.22657,0.18524,0.13114,0.07864,0.06336,0.04507
NH4,  4 May 1991, 0.24884,0.18596,0.13147,0.07762,0.06215,0.04493
NH4,  5 May 1991, 0.26435,0.18708,0.13176,0.07636,0.06084,0.04477
NH4,  6 May 1991, 0.27740,0.18854,0.13206,0.07493,0.05948,0.04458
NH4,  7 May 1991, 0.27162,0.19017,0.13123,0.07315,0.05795,0.04435
NH4,  8 May 1991, 0.28712,0.19045,0.12908,0.07097,0.05622,0.04407
NH4,  9 May 1991, 0.31219,0.18927,0.12662,0.06896,0.05466,0.04385
NH4, 10 May 1991, 0.32219,0.18798,0.12464,0.06737,0.05339,0.04368
NH4, 11 May 1991, 0.32555,0.18527,0.12223,0.06576,0.05218,0.04354
NH4, 12 May 1991, 0.32225,0.18211,0.11997,0.06434,0.05111,0.04344
NH4, 13 May 1991, 0.30530,0.17777,0.11716,0.06275,0.04999,0.04334
NH4, 14 May 1991, 0.28854,0.17354,0.11444,0.06123,0.04887,0.04319
NH4, 15 May 1991, 0.26485,0.16816,0.11101,0.05943,0.04760,0.04301
NH4, 16 May 1991, 0.24215,0.16227,0.10736,0.05756,0.04630,0.04282
NH4, 17 May 1991, 0.21772,0.15623,0.10370,0.05573,0.04502,0.04262
NH4, 18 May 1991, 0.19148,0.15005,0.10001,0.05391,0.04376,0.04241
NH4, 19 May 1991, 0.15927,0.14370,0.09627,0.05210,0.04250,0.04220
NH4, 20 May 1991, 0.18118,0.13810,0.09261,0.05034,0.04129,0.04200
NH4, 21 May 1991, 0.18564,0.14659,0.08980,0.04872,0.04018,0.04185
NH4, 22 May 1991, 0.14489,0.15304,0.09513,0.04746,0.03925,0.04169
NH4, 23 May 1991, 0.10066,0.15353,0.09981,0.04696,0.03832,0.04153
NH4, 24 May 1991, 0.07732,0.14946,0.10320,0.04843,0.03751,0.04135
NH4, 25 May 1991, 0.07903,0.14474,0.10541,0.05176,0.03670,0.04115
NH4, 26 May 1991, 0.09181,0.14375,0.10750,0.05606,0.03592,0.04090
NH4, 27 May 1991, 0.12266,0.14515,0.10934,0.05978,0.03522,0.04065
NH4, 28 May 1991, 0.14028,0.14734,0.11070,0.06283,0.03453,0.04041
NH4, 29 May 1991, 0.14856,0.15109,0.11251,0.06553,0.03394,0.04017
NH4, 30 May 1991, 0.16235,0.15430,0.11391,0.06774,0.03337,0.03994
NH4, 31 May 1991, 0.18788,0.15706,0.11538,0.06967,0.03291,0.03975
NH4,  1 Jun 1991, 0.21012,0.15934,0.11657,0.07130,0.03247,0.03956
NH4,  2 Jun 1991, 0.21306,0.16136,0.11747,0.07266,0.03201,0.03937
NH4,  3 Jun 1991, 0.20017,0.16407,0.11882,0.07410,0.03159,0.03917
NH4,  4 Jun 1991, 0.21760,0.16679,0.12017,0.07544,0.03120,0.03896
NH4,  5 Jun 1991, 0.23738,0.16921,0.12130,0.07648,0.03082,0.03876
NH4,  6 Jun 1991, 0.23223,0.17146,0.12235,0.07718,0.03046,0.03857
NH4,  7 Jun 1991, 0.18884,0.17152,0.12311,0.07807,0.03016,0.03841
NH4,  8 Jun 1991, 0.12963,0.16996,0.12311,0.07883,0.02987,0.03826
NH4,  9 Jun 1991, 0.06830,0.15684,0.12201,0.07970,0.02972,0.03810
NH4, 10 Jun 1991, 0.06893,0.13605,0.11861,0.07966,0.03134,0.03793
NH4, 11 Jun 1991, 0.06653,0.11385,0.11403,0.07916,0.03607,0.03778
NH4, 12 Jun 1991, 0.05494,0.09117,0.10659,0.07764,0.04003,0.03770
NH4, 13 Jun 1991, 0.06392,0.07151,0.09906,0.07605,0.04340,0.03869
NH4, 14 Jun 1991, 0.06797,0.05345,0.08789,0.07403,0.04603,0.04013
NH4, 15 Jun 1991, 0.06808,0.04544,0.07883,0.07175,0.04808,0.04138
NH4, 16 Jun 1991, 0.07189,0.04599,0.07289,0.06945,0.04979,0.04225
NH4, 17 Jun 1991, 0.08009,0.05188,0.07041,0.06752,0.05139,0.04291
NH4, 18 Jun 1991, 0.09630,0.05877,0.07042,0.06642,0.05290,0.04343
NH4, 19 Jun 1991, 0.11367,0.06464,0.07117,0.06561,0.05419,0.04388
NH4, 20 Jun 1991, 0.09993,0.07096,0.07285,0.06524,0.05549,0.04433
NH4, 21 Jun 1991, 0.06001,0.07698,0.07484,0.06509,0.05675,0.04480
NH4, 22 Jun 1991, 0.06620,0.08224,0.07693,0.06512,0.05797,0.04529
NH4, 23 Jun 1991, 0.05510,0.08735,0.07917,0.06532,0.05920,0.04583
NH4, 24 Jun 1991, 0.06505,0.09267,0.08159,0.06557,0.06043,0.04642
NH4, 25 Jun 1991, 0.07286,0.09856,0.08467,0.06638,0.06193,0.04707
NH4, 26 Jun 1991, 0.07776,0.10393,0.08741,0.06700,0.06333,0.04773
NH4, 27 Jun 1991, 0.10749,0.10878,0.08986,0.06758,0.06460,0.04840
NH4, 28 Jun 1991, 0.11246,0.11364,0.09226,0.06819,0.06583,0.04905
NH4, 29 Jun 1991, 0.11244,0.11746,0.09419,0.06867,0.06692,0.04967
NH4, 30 Jun 1991, 0.07915,0.11954,0.09577,0.06910,0.06790,0.05022
NH4,  1 Jul 1991, 0.08797,0.11952,0.09682,0.06936,0.06877,0.05072
NH4,  2 Jul 1991, 0.09676,0.11983,0.09790,0.06969,0.06965,0.05119
NH4,  3 Jul 1991, 0.07779,0.12032,0.09884,0.06993,0.07045,0.05162
NH4,  4 Jul 1991, 0.08386,0.12075,0.09951,0.07005,0.07114,0.05202
NH4,  5 Jul 1991, 0.07877,0.12053,0.09978,0.06995,0.07167,0.05238
NH4,  6 Jul 1991, 0.06004,0.11862,0.09980,0.06980,0.07214,0.05271
NH4,  7 Jul 1991, 0.07205,0.11628,0.09977,0.06970,0.07262,0.05303
NH4,  8 Jul 1991, 0.07228,0.11274,0.09910,0.06931,0.07293,0.05330
NH4,  9 Jul 1991, 0.04721,0.10937,0.09826,0.06889,0.07317,0.05356
NH4, 10 Jul 1991, 0.02736,0.10072,0.09564,0.06781,0.07309,0.05371
NH4, 11 Jul 1991, 0.02650,0.08549,0.09190,0.06612,0.07264,0.05368
NH4, 12 Jul 1991, 0.02907,0.05317,0.07886,0.06358,0.07209,0.05349
NH4, 13 Jul 1991, 0.03206,0.03483,0.06803,0.05954,0.07131,0.05318
NH4, 14 Jul 1991, 0.03519,0.02526,0.05921,0.05602,0.07037,0.05280
NH4, 15 Jul 1991, 0.03957,0.02283,0.05287,0.05338,0.06946,0.05237
NH4, 16 Jul 1991, 0.04197,0.02377,0.04889,0.05140,0.06863,0.05195
NH4, 17 Jul 1991, 0.05168,0.02615,0.04677,0.04990,0.06793,0.05161
NH4, 18 Jul 1991, 0.05707,0.03005,0.04626,0.04885,0.06730,0.05132
NH4, 19 Jul 1991, 0.04660,0.03532,0.04726,0.04846,0.06693,0.05109
NH4, 20 Jul 1991, 0.04950,0.04118,0.04910,0.04845,0.06671,0.05096
NH4, 21 Jul 1991, 0.05574,0.04695,0.05132,0.04873,0.06668,0.05093
NH4, 22 Jul 1991, 0.05121,0.05242,0.05375,0.04921,0.06677,0.05099
NH4, 23 Jul 1991, 0.06537,0.05746,0.05629,0.04989,0.06705,0.05113
NH4, 24 Jul 1991, 0.06430,0.06075,0.05817,0.05033,0.06725,0.05132
NH4, 25 Jul 1991, 0.05223,0.06317,0.05966,0.05062,0.06742,0.05155
NH4, 26 Jul 1991, 0.06446,0.06536,0.06106,0.05100,0.06769,0.05180
NH4, 27 Jul 1991, 0.07502,0.06719,0.06222,0.05128,0.06791,0.05207
NH4, 28 Jul 1991, 0.06410,0.06910,0.06331,0.05151,0.06808,0.05234
NH4, 29 Jul 1991, 0.03837,0.07172,0.06476,0.05197,0.06838,0.05263
NH4, 30 Jul 1991, 0.04030,0.07430,0.06600,0.05225,0.06849,0.05291
NH4, 31 Jul 1991, 0.04052,0.07715,0.06755,0.05281,0.06884,0.05317
NH4,  1 Aug 1991, 0.04698,0.08084,0.06956,0.05365,0.06935,0.05344
NH4,  2 Aug 1991, 0.05952,0.08440,0.07145,0.05441,0.06979,0.05370
NH4,  3 Aug 1991, 0.06641,0.08783,0.07326,0.05514,0.07021,0.05395
NH4,  4 Aug 1991, 0.05738,0.09169,0.07509,0.05582,0.07050,0.05419
NH4,  5 Aug 1991, 0.05344,0.09470,0.07660,0.05632,0.07055,0.05442
NH4,  6 Aug 1991, 0.05859,0.09670,0.07782,0.05684,0.07062,0.05464
NH4,  7 Aug 1991, 0.05761,0.09238,0.07868,0.05763,0.07105,0.05485
NH4,  8 Aug 1991, 0.05914,0.08630,0.07835,0.05788,0.07135,0.05504
NH4,  9 Aug 1991, 0.04498,0.07870,0.07738,0.05786,0.07167,0.05522
NH4, 10 Aug 1991, 0.04223,0.07372,0.07632,0.05774,0.07197,0.05538
NH4, 11 Aug 1991, 0.03969,0.07113,0.07532,0.05746,0.07212,0.05554
NH4, 12 Aug 1991, 0.04228,0.07041,0.07457,0.05706,0.07211,0.05567
NH4, 13 Aug 1991, 0.05116,0.07163,0.07414,0.05652,0.07178,0.05579
NH4, 14 Aug 1991, 0.05398,0.07447,0.07467,0.05641,0.07166,0.05590
NH4, 15 Aug 1991, 0.05285,0.07720,0.07528,0.05629,0.07148,0.05602
NH4, 16 Aug 1991, 0.07029,0.07999,0.07629,0.05643,0.07149,0.05616
NH4, 17 Aug 1991, 0.08771,0.08260,0.07742,0.05675,0.07168,0.05629
NH4, 18 Aug 1991, 0.08806,0.08477,0.07836,0.05700,0.07184,0.05641
NH4, 19 Aug 1991, 0.09317,0.08670,0.07888,0.05697,0.07176,0.05652
NH4, 20 Aug 1991, 0.06883,0.08935,0.07973,0.05715,0.07176,0.05664
NH4, 21 Aug 1991, 0.07034,0.09170,0.08021,0.05710,0.07155,0.05674
NH4, 22 Aug 1991, 0.05787,0.09401,0.08173,0.05777,0.07193,0.05684
NH4, 23 Aug 1991, 0.05753,0.09514,0.08275,0.05813,0.07203,0.05693
NH4, 24 Aug 1991, 0.06722,0.09463,0.08289,0.05808,0.07183,0.05703
NH4, 25 Aug 1991, 0.05686,0.09394,0.08344,0.05846,0.07205,0.05712
NH4, 26 Aug 1991, 0.06865,0.09389,0.08394,0.05884,0.07225,0.05720
NH4, 27 Aug 1991, 0.07519,0.09410,0.08433,0.05922,0.07245,0.05728
NH4, 28 Aug 1991, 0.04909,0.09378,0.08388,0.05912,0.07228,0.05736
NH4, 29 Aug 1991, 0.05331,0.09112,0.08400,0.05953,0.07256,0.05743
NH4, 30 Aug 1991, 0.04571,0.08746,0.08339,0.05959,0.07275,0.05751
NH4, 31 Aug 1991, 0.04515,0.08388,0.08246,0.05938,0.07290,0.05758
NH4,  1 Sep 1991, 0.04501,0.07970,0.08128,0.05901,0.07300,0.05765
NH4,  2 Sep 1991, 0.05076,0.07728,0.08024,0.05859,0.07308,0.05772
NH4,  3 Sep 1991, 0.05489,0.07767,0.08001,0.05845,0.07323,0.05778
NH4,  4 Sep 1991, 0.07000,0.08044,0.08007,0.05820,0.07308,0.05782
NH4,  5 Sep 1991, 0.08801,0.08607,0.08175,0.05874,0.07327,0.05783
NH4,  6 Sep 1991, 0.10707,0.09318,0.08417,0.05961,0.07352,0.05778
NH4,  7 Sep 1991, 0.12038,0.10097,0.08659,0.06042,0.07357,0.05768
NH4,  8 Sep 1991, 0.11895,0.10827,0.08881,0.06120,0.07358,0.05757
NH4,  9 Sep 1991, 0.11323,0.11566,0.09163,0.06247,0.07401,0.05746
NH4, 10 Sep 1991, 0.15389,0.11931,0.09311,0.06308,0.07412,0.05742
NH4, 11 Sep 1991, 0.15265,0.12099,0.09379,0.06347,0.07423,0.05744
NH4, 12 Sep 1991, 0.10543,0.11547,0.09335,0.06357,0.07429,0.05749
NH4, 13 Sep 1991, 0.10044,0.10814,0.09250,0.06359,0.07447,0.05756
NH4, 14 Sep 1991, 0.07308,0.10214,0.09107,0.06322,0.07454,0.05763
NH4, 15 Sep 1991, 0.07153,0.09976,0.09003,0.06284,0.07458,0.05768
NH4, 16 Sep 1991, 0.08272,0.10025,0.08944,0.06246,0.07451,0.05771
NH4, 17 Sep 1991, 0.08587,0.10060,0.08901,0.06207,0.07435,0.05774
NH4, 18 Sep 1991, 0.08480,0.10198,0.08952,0.06223,0.07454,0.05777
NH4, 19 Sep 1991, 0.08095,0.10096,0.08938,0.06207,0.07456,0.05780
NH4, 20 Sep 1991, 0.07925,0.09960,0.08912,0.06188,0.07464,0.05785
NH4, 21 Sep 1991, 0.05958,0.09743,0.08799,0.06115,0.07438,0.05790
NH4, 22 Sep 1991, 0.06824,0.09782,0.08782,0.06092,0.07439,0.05795
NH4, 23 Sep 1991, 0.07499,0.09706,0.08766,0.06072,0.07441,0.05799
NH4, 24 Sep 1991, 0.08568,0.09741,0.08765,0.06054,0.07436,0.05800
NH4, 25 Sep 1991, 0.10364,0.10055,0.08840,0.06074,0.07445,0.05799
NH4, 26 Sep 1991, 0.08851,0.10302,0.08939,0.06121,0.07467,0.05796
NH4, 27 Sep 1991, 0.10345,0.10513,0.08979,0.06150,0.07472,0.05792
NH4, 28 Sep 1991, 0.11424,0.10216,0.08987,0.06190,0.07488,0.05787
NH4, 29 Sep 1991, 0.11906,0.09931,0.08929,0.06197,0.07494,0.05782
NH4, 30 Sep 1991, 0.12117,0.09950,0.08897,0.06196,0.07500,0.05777
NH4,  1 Oct 1991, 0.14219,0.10375,0.09001,0.06243,0.07523,0.05768
NH4,  2 Oct 1991, 0.14928,0.10936,0.09118,0.06273,0.07527,0.05752
NH4,  3 Oct 1991, 0.13738,0.11571,0.09281,0.06322,0.07504,0.05729
NH4,  4 Oct 1991, 0.10291,0.12231,0.09451,0.06384,0.07443,0.05699
NH4,  5 Oct 1991, 0.08518,0.12855,0.09610,0.06451,0.07344,0.05663
NH4,  6 Oct 1991, 0.22800,0.13395,0.09748,0.06513,0.07214,0.05625
NH4,  7 Oct 1991, 0.23549,0.13828,0.09867,0.06571,0.07080,0.05598
NH4,  8 Oct 1991, 0.20049,0.14165,0.09973,0.06623,0.06952,0.05583
NH4,  9 Oct 1991, 0.17672,0.14264,0.10063,0.06665,0.06837,0.05580
NH4, 10 Oct 1991, 0.12496,0.14133,0.10133,0.06698,0.06729,0.05584
NH4, 11 Oct 1991, 0.08372,0.13866,0.10195,0.06726,0.06621,0.05590
NH4, 12 Oct 1991, 0.02573,0.13496,0.10234,0.06713,0.06501,0.05595
NH4, 13 Oct 1991, 0.00000,0.13025,0.10175,0.06657,0.06364,0.05596
NH4, 14 Oct 1991, 0.00000,0.12441,0.10016,0.06558,0.06208,0.05593
NH4, 15 Oct 1991, 0.00000,0.11741,0.09753,0.06412,0.06033,0.05584
NH4, 16 Oct 1991, 0.00000,0.11036,0.09445,0.06246,0.05864,0.05578
NH4, 17 Oct 1991, 0.00000,0.10394,0.09140,0.06081,0.05716,0.05579
NH4, 18 Oct 1991, 0.00000,0.09783,0.08831,0.05913,0.05578,0.05582
NH4, 19 Oct 1991, 0.00000,0.09181,0.08510,0.05740,0.05444,0.05587
NH4, 20 Oct 1991, 0.00000,0.08596,0.08186,0.05565,0.05315,0.05592
NH4, 21 Oct 1991, 0.00000,0.07965,0.07821,0.05372,0.05175,0.05594
NH4, 22 Oct 1991, 0.00000,0.07315,0.07434,0.05168,0.05031,0.05595
NH4, 23 Oct 1991, 0.00000,0.06696,0.07057,0.04969,0.04891,0.05596
NH4, 24 Oct 1991, 0.20466,0.06153,0.06674,0.04761,0.04744,0.05594
NH4, 25 Oct 1991, 0.24111,0.06385,0.06319,0.04562,0.04602,0.05593
NH4, 26 Oct 1991, 0.27275,0.07150,0.06024,0.04387,0.04480,0.05596
NH4, 27 Oct 1991, 0.27779,0.07671,0.05760,0.04226,0.04368,0.05602
NH4, 28 Oct 1991, 0.29087,0.07949,0.05512,0.04072,0.04261,0.05608
NH4, 29 Oct 1991, 0.27366,0.08073,0.05268,0.03920,0.04155,0.05614
NH4, 30 Oct 1991, 0.24112,0.08319,0.05004,0.03753,0.04037,0.05616
NH4, 31 Oct 1991, 0.23386,0.08478,0.04732,0.03581,0.03914,0.05615
NH4,  1 Nov 1991, 0.29227,0.08488,0.04487,0.03424,0.03801,0.05616
NH4,  2 Nov 1991, 0.30809,0.08384,0.04256,0.03274,0.03693,0.05618
NH4,  3 Nov 1991, 0.28555,0.09683,0.04060,0.03113,0.03571,0.05613
NH4,  4 Nov 1991, 0.26882,0.10678,0.04031,0.02974,0.03464,0.05612
NH4,  5 Nov 1991, 0.24143,0.11160,0.04077,0.02845,0.03364,0.05613
NH4,  6 Nov 1991, 0.26874,0.11470,0.04124,0.02712,0.03260,0.05612
NH4,  7 Nov 1991, 0.29486,0.11791,0.04157,0.02583,0.03158,0.05609
NH4,  8 Nov 1991, 0.31437,0.12067,0.04172,0.02474,0.03070,0.05612
NH4,  9 Nov 1991, 0.28198,0.12325,0.04168,0.02376,0.02990,0.05616
NH4, 10 Nov 1991, 0.23259,0.12566,0.04146,0.02286,0.02916,0.05622
NH4, 11 Nov 1991, 0.19319,0.12685,0.04106,0.02204,0.02848,0.05628
NH4, 12 Nov 1991, 0.15558,0.12588,0.04050,0.02127,0.02782,0.05635
NH4, 13 Nov 1991, 0.11008,0.12327,0.03975,0.02048,0.02714,0.05640
NH4, 14 Nov 1991, 0.07715,0.11927,0.03884,0.01972,0.02648,0.05644
NH4, 15 Nov 1991, 0.04569,0.11420,0.03780,0.01899,0.02583,0.05644
NH4, 16 Nov 1991, 0.00500,0.10811,0.03662,0.01825,0.02517,0.05641
NH4, 17 Nov 1991, 0.00000,0.10136,0.03535,0.01756,0.02454,0.05635
NH4, 18 Nov 1991, 0.00000,0.09382,0.03396,0.01687,0.02390,0.05625
NH4, 19 Nov 1991, 0.00000,0.08493,0.03231,0.01613,0.02322,0.05610
NH4, 20 Nov 1991, 0.00000,0.07641,0.03073,0.01546,0.02259,0.05594
NH4, 21 Nov 1991, 0.00000,0.06838,0.02924,0.01486,0.02199,0.05577
NH4, 22 Nov 1991, 0.00000,0.06283,0.02774,0.01427,0.02142,0.05559
NH4, 23 Nov 1991, 0.00000,0.05941,0.02621,0.01371,0.02085,0.05538
NH4, 24 Nov 1991, 0.00000,0.05726,0.02489,0.01317,0.02030,0.05517
NH4, 25 Nov 1991, 0.00000,0.05606,0.02411,0.01279,0.01972,0.05490
NH4, 26 Nov 1991, 0.00000,0.05515,0.02401,0.01276,0.01898,0.05448
NH4, 27 Nov 1991, 0.00000,0.05432,0.02387,0.01268,0.01832,0.05409
NH4, 28 Nov 1991, 0.00000,0.05350,0.02360,0.01253,0.01775,0.05376
NH4, 29 Nov 1991, 0.00000,0.05270,0.02323,0.01231,0.01725,0.05347
NH4, 30 Nov 1991, 0.00000,0.05190,0.02265,0.01197,0.01685,0.05324
NH4,  1 Dec 1991, 0.00000,0.05111,0.02208,0.01163,0.01648,0.05302
NH4,  2 Dec 1991, 0.00000,0.05034,0.02158,0.01130,0.01612,0.05280
NH4,  3 Dec 1991, 0.00000,0.04959,0.02117,0.01103,0.01576,0.05256
NH4,  4 Dec 1991, 0.00000,0.04885,0.02077,0.01076,0.01542,0.05232
NH4,  5 Dec 1991, 0.00000,0.04813,0.02048,0.01056,0.01507,0.05205
NH4,  6 Dec 1991, 0.00000,0.04743,0.02025,0.01040,0.01472,0.05177
NH4,  7 Dec 1991, 0.00000,0.04674,0.02005,0.01026,0.01437,0.05148
NH4,  8 Dec 1991, 0.00000,0.04608,0.01990,0.01016,0.01402,0.05118
NH4,  9 Dec 1991, 0.00000,0.04543,0.01985,0.01013,0.01366,0.05084
NH4, 10 Dec 1991, 0.25919,0.07225,0.02181,0.01077,0.01406,0.04936
NH4, 11 Dec 1991, 0.35789,0.08938,0.03980,0.01126,0.01424,0.04831
NH4, 12 Dec 1991, 0.25002,0.09580,0.05250,0.01162,0.01424,0.04755
NH4, 13 Dec 1991, 0.20964,0.09621,0.06021,0.01459,0.01400,0.04706
NH4, 14 Dec 1991, 0.16473,0.09273,0.06465,0.02139,0.01353,0.04679
NH4, 15 Dec 1991, 0.16463,0.08482,0.06738,0.02749,0.01320,0.04657
NH4, 16 Dec 1991, 0.17502,0.08051,0.06895,0.03278,0.01298,0.04632
NH4, 17 Dec 1991, 0.20192,0.08289,0.07119,0.03749,0.01295,0.04605
NH4, 18 Dec 1991, 0.23753,0.08686,0.07324,0.04127,0.01351,0.04576
NH4, 19 Dec 1991, 0.24550,0.09307,0.07567,0.04455,0.01477,0.04546
NH4, 20 Dec 1991, 0.22765,0.09791,0.07788,0.04723,0.01646,0.04516
NH4, 21 Dec 1991, 0.25526,0.11009,0.08282,0.05086,0.01862,0.04481
NH4, 22 Dec 1991, 0.27766,0.11684,0.08597,0.05327,0.02113,0.04437
NH4, 23 Dec 1991, 0.31151,0.12443,0.08929,0.05577,0.02398,0.04371
NH4, 24 Dec 1991, 0.32552,0.13135,0.09226,0.05808,0.02676,0.04295
NH4, 25 Dec 1991, 0.25901,0.13717,0.09463,0.06006,0.02929,0.04212
NH4, 26 Dec 1991, 0.17041,0.14124,0.09596,0.06154,0.03149,0.04116
NH4, 27 Dec 1991, 0.07616,0.14256,0.09574,0.06230,0.03326,0.04001
NH4, 28 Dec 1991, 0.00000,0.14442,0.09605,0.06316,0.03474,0.03914
NH4, 29 Dec 1991, 0.00000,0.14793,0.09755,0.06445,0.03611,0.03864
NH4, 30 Dec 1991, 0.00000,0.15247,0.09987,0.06602,0.03741,0.03846
NH4, 31 Dec 1991, 0.21317,0.15341,0.10145,0.06754,0.03861,0.03826
NH4,  1 Jan 1992, 0.21283,0.15390,0.10234,0.06881,0.04029,0.03822
NH4,  2 Jan 1992, 0.22581,0.14795,0.10253,0.06971,0.04352,0.03816
NH4,  3 Jan 1992, 0.25610,0.14254,0.10191,0.07006,0.04878,0.03798
NH4,  4 Jan 1992, 0.33070,0.14084,0.10132,0.07020,0.05379,0.03776
NH4,  5 Jan 1992, 0.38555,0.14083,0.10076,0.07014,0.05792,0.03755
NH4,  6 Jan 1992, 0.40823,0.14168,0.10067,0.07018,0.06127,0.03745
NH4,  7 Jan 1992, 0.41526,0.14213,0.10064,0.07014,0.06393,0.03748
NH4,  8 Jan 1992, 0.40663,0.14221,0.10091,0.07030,0.06611,0.03766
NH4,  9 Jan 1992, 0.38677,0.14009,0.10023,0.07022,0.06769,0.03873
NH4, 10 Jan 1992, 0.33834,0.13573,0.09895,0.06998,0.06878,0.04070
NH4, 11 Jan 1992, 0.20390,0.12255,0.09681,0.06959,0.06950,0.04240
NH4, 12 Jan 1992, 0.22544,0.11211,0.09408,0.06889,0.06981,0.04386
NH4, 13 Jan 1992, 0.26953,0.11223,0.09206,0.06806,0.06971,0.04480
NH4, 14 Jan 1992, 0.34934,0.11922,0.09140,0.06716,0.06921,0.04519
NH4, 15 Jan 1992, 0.44962,0.12979,0.09226,0.06655,0.06855,0.04517
NH4, 16 Jan 1992, 0.51040,0.13865,0.09385,0.06630,0.06807,0.04506
NH4, 17 Jan 1992, 0.44675,0.14515,0.09579,0.06648,0.06798,0.04512
NH4, 18 Jan 1992, 0.37230,0.14983,0.09767,0.06696,0.06822,0.04537
NH4, 19 Jan 1992, 0.30289,0.15287,0.09895,0.06739,0.06861,0.04568
NH4, 20 Jan 1992, 0.25335,0.15359,0.09891,0.06719,0.06849,0.04591
NH4, 21 Jan 1992, 0.22041,0.15175,0.09727,0.06620,0.06775,0.04588
NH4, 22 Jan 1992, 0.41891,0.14588,0.09340,0.06392,0.06576,0.04507
NH4, 23 Jan 1992, 0.57155,0.13988,0.08963,0.06175,0.06387,0.04419
NH4, 24 Jan 1992, 0.65597,0.14444,0.08752,0.06147,0.06338,0.04381
NH4, 25 Jan 1992, 0.60542,0.14510,0.08646,0.06200,0.06406,0.04403
NH4, 26 Jan 1992, 0.41420,0.13192,0.08632,0.06275,0.06540,0.04473
NH4, 27 Jan 1992, 0.43344,0.12400,0.08633,0.06331,0.06652,0.04554
NH4, 28 Jan 1992, 0.48148,0.12353,0.08665,0.06364,0.06724,0.04616
NH4, 29 Jan 1992, 0.57080,0.12731,0.08756,0.06378,0.06755,0.04653
NH4, 30 Jan 1992, 0.60714,0.13347,0.08951,0.06430,0.06795,0.04679
NH4, 31 Jan 1992, 0.62458,0.13854,0.09133,0.06470,0.06811,0.04685
NH4,  1 Feb 1992, 0.64469,0.14185,0.09262,0.06491,0.06815,0.04696
NH4,  2 Feb 1992, 0.65466,0.14401,0.09374,0.06519,0.06823,0.04707
NH4,  3 Feb 1992, 0.63865,0.14444,0.09370,0.06488,0.06782,0.04700
