date,value1,value2,value3,value4,value5,value6
 1 Aug 1990, 0.17000,0.19000,0.20000,0.23000,0.27000,0.29000
 2 Aug 1990, 0.21103,0.20573,0.20507,0.22957,0.26902,0.29023
 3 Aug 1990, 0.25693,0.23345,0.21862,0.23208,0.26876,0.29057
 4 Aug 1990, 0.21633,0.23489,0.22822,0.23757,0.27094,0.29116
 5 Aug 1990, 0.22655,0.23908,0.23539,0.24267,0.27377,0.29267
 6 Aug 1990, 0.23216,0.24407,0.24185,0.24770,0.27710,0.29482
 7 Aug 1990, 0.20150,0.23402,0.24084,0.24962,0.27932,0.29729
 8 Aug 1990, 0.18392,0.22278,0.23694,0.25095,0.28158,0.29924
 9 Aug 1990, 0.17519,0.21133,0.22961,0.24936,0.28228,0.30084
10 Aug 1990, 0.17942,0.20597,0.22214,0.24536,0.28102,0.30165
11 Aug 1990, 0.17044,0.19946,0.21544,0.24145,0.27918,0.30132
12 Aug 1990, 0.16747,0.19111,0.20917,0.23746,0.27687,0.30019
13 Aug 1990, 0.17689,0.19318,0.20484,0.23333,0.27395,0.29855
14 Aug 1990, 0.17020,0.19202,0.20244,0.23091,0.27179,0.29646
15 Aug 1990, 0.16724,0.19007,0.20009,0.22850,0.26961,0.29446
16 Aug 1990, 0.17369,0.19127,0.19939,0.22781,0.26809,0.29204
17 Aug 1990, 0.16734,0.18793,0.19815,0.22748,0.26564,0.29060
18 Aug 1990, 0.16311,0.18509,0.19778,0.22577,0.26359,0.28973
19 Aug 1990, 0.15800,0.18201,0.19657,0.22345,0.26127,0.28910
20 Aug 1990, 0.17091,0.18507,0.19574,0.22154,0.25932,0.28845
21 Aug 1990, 0.17695,0.18929,0.19582,0.21886,0.25692,0.28780
22 Aug 1990, 0.16951,0.18962,0.19604,0.21652,0.25479,0.28715
23 Aug 1990, 0.16988,0.18955,0.19617,0.21484,0.25313,0.28650
24 Aug 1990, 0.16289,0.18417,0.19292,0.21154,0.25048,0.28585
25 Aug 1990, 0.15587,0.17969,0.18999,0.20866,0.24818,0.28519
26 Aug 1990, 0.16065,0.17648,0.18759,0.20635,0.24629,0.28454
27 Aug 1990, 0.15385,0.17313,0.18496,0.20381,0.24430,0.28390
28 Aug 1990, 0.14879,0.17078,0.18328,0.20225,0.24299,0.28326
29 Aug 1990, 0.14164,0.16745,0.18052,0.19957,0.24094,0.28263
30 Aug 1990, 0.14022,0.16521,0.17875,0.19789,0.23960,0.28201
31 Aug 1990, 0.13877,0.16238,0.17619,0.19537,0.23768,0.28140
 1 Sep 1990, 0.18176,0.17329,0.17616,0.19517,0.23740,0.28079
 2 Sep 1990, 0.16801,0.17551,0.17485,0.19343,0.23603,0.28020
 3 Sep 1990, 0.16980,0.17797,0.17321,0.19117,0.23429,0.27962
 4 Sep 1990, 0.17498,0.18280,0.17204,0.18914,0.23271,0.27905
 5 Sep 1990, 0.16391,0.17946,0.17073,0.18716,0.23116,0.27848
 6 Sep 1990, 0.15595,0.17456,0.16924,0.18526,0.22966,0.27792
 7 Sep 1990, 0.14890,0.17023,0.16769,0.18347,0.22824,0.27738
 8 Sep 1990, 0.14223,0.16638,0.16613,0.18177,0.22688,0.27684
 9 Sep 1990, 0.13608,0.16293,0.16459,0.18016,0.22558,0.27630
10 Sep 1990, 0.12962,0.15983,0.16310,0.17864,0.22434,0.27578
11 Sep 1990, 0.12271,0.15701,0.16167,0.17720,0.22316,0.27527
12 Sep 1990, 0.11597,0.15446,0.16030,0.17584,0.22203,0.27476
13 Sep 1990, 0.20751,0.18713,0.16023,0.17456,0.22095,0.27426
14 Sep 1990, 0.21257,0.20249,0.17373,0.17355,0.21994,0.27377
15 Sep 1990, 0.18631,0.20162,0.18506,0.17302,0.21916,0.27329
16 Sep 1990, 0.16886,0.19505,0.18938,0.17240,0.21820,0.27281
17 Sep 1990, 0.16449,0.18686,0.18793,0.17179,0.21728,0.27234
18 Sep 1990, 0.15610,0.18115,0.18408,0.17112,0.21639,0.27188
19 Sep 1990, 0.14833,0.17617,0.18054,0.17040,0.21555,0.27143
20 Sep 1990, 0.14228,0.17178,0.17730,0.16967,0.21474,0.27099
21 Sep 1990, 0.16864,0.17218,0.17448,0.16892,0.21396,0.27055
22 Sep 1990, 0.15907,0.16886,0.17190,0.16818,0.21321,0.27011
23 Sep 1990, 0.15072,0.16562,0.16951,0.16745,0.21249,0.26969
24 Sep 1990, 0.14199,0.16251,0.16730,0.16673,0.21180,0.26927
25 Sep 1990, 0.13571,0.15963,0.16526,0.16603,0.21113,0.26885
26 Sep 1990, 0.13309,0.15703,0.16337,0.16536,0.21049,0.26845
27 Sep 1990, 0.12659,0.15461,0.16162,0.16470,0.20988,0.26804
28 Sep 1990, 0.11882,0.15237,0.16001,0.16407,0.20929,0.26765
29 Sep 1990, 0.11166,0.15030,0.15851,0.16347,0.20872,0.26726
30 Sep 1990, 0.10805,0.14841,0.15713,0.16288,0.20817,0.26687
 1 Oct 1990, 0.10424,0.14669,0.15585,0.16233,0.20764,0.26649
 2 Oct 1990, 0.09874,0.14509,0.15467,0.16179,0.20713,0.26611
 3 Oct 1990, 0.09425,0.14359,0.15358,0.16129,0.20664,0.26574
 4 Oct 1990, 0.09026,0.14218,0.15256,0.16080,0.20617,0.26538
 5 Oct 1990, 0.08655,0.14086,0.15163,0.16034,0.20571,0.26502
 6 Oct 1990, 0.13918,0.14022,0.15076,0.15990,0.20527,0.26466
 7 Oct 1990, 0.13109,0.13953,0.14997,0.15948,0.20485,0.26431
 8 Oct 1990, 0.12254,0.13876,0.14923,0.15908,0.20444,0.26396
 9 Oct 1990, 0.19111,0.16082,0.14892,0.15870,0.20405,0.26362
10 Oct 1990, 0.17259,0.16826,0.14887,0.15834,0.20367,0.26328
11 Oct 1990, 0.20300,0.19064,0.15305,0.15803,0.20330,0.26294
12 Oct 1990, 0.19057,0.19770,0.16352,0.15783,0.20295,0.26261
13 Oct 1990, 0.17220,0.19320,0.16963,0.15771,0.20261,0.26228
14 Oct 1990, 0.16153,0.18493,0.16988,0.15761,0.20228,0.26196
15 Oct 1990, 0.15348,0.17881,0.16817,0.15749,0.20196,0.26164
16 Oct 1990, 0.15645,0.17395,0.16641,0.15736,0.20165,0.26132
17 Oct 1990, 0.14640,0.16958,0.16466,0.15721,0.20135,0.26101
18 Oct 1990, 0.13613,0.16563,0.16297,0.15705,0.20107,0.26070
19 Oct 1990, 0.13059,0.16212,0.16135,0.15688,0.20079,0.26040
20 Oct 1990, 0.25457,0.20407,0.17437,0.15687,0.20052,0.26009
21 Oct 1990, 0.21201,0.21309,0.19539,0.15731,0.20027,0.25979
22 Oct 1990, 0.23950,0.23044,0.20999,0.16528,0.20003,0.25950
23 Oct 1990, 0.19512,0.22391,0.21513,0.17599,0.19982,0.25920
24 Oct 1990, 0.17344,0.20980,0.21237,0.18456,0.19966,0.25891
25 Oct 1990, 0.16383,0.19354,0.20616,0.18895,0.19953,0.25863
26 Oct 1990, 0.15379,0.18524,0.19918,0.18916,0.19941,0.25834
27 Oct 1990, 0.14377,0.18030,0.19368,0.18717,0.19927,0.25806
28 Oct 1990, 0.13362,0.17576,0.18893,0.18519,0.19913,0.25778
29 Oct 1990, 0.12346,0.17163,0.18475,0.18327,0.19899,0.25751
30 Oct 1990, 0.11484,0.16790,0.18103,0.18143,0.19883,0.25723
31 Oct 1990, 0.11069,0.16453,0.17769,0.17966,0.19868,0.25696
 1 Nov 1990, 0.10704,0.16147,0.17467,0.17799,0.19852,0.25669
 2 Nov 1990, 0.10381,0.15869,0.17193,0.17640,0.19837,0.25643
 3 Nov 1990, 0.09558,0.15608,0.16943,0.17490,0.19821,0.25617
 4 Nov 1990, 0.09008,0.15364,0.16715,0.17349,0.19805,0.25591
 5 Nov 1990, 0.20405,0.18587,0.16623,0.17217,0.19789,0.25565
 6 Nov 1990, 0.17443,0.19046,0.16949,0.17099,0.19774,0.25539
 7 Nov 1990, 0.16143,0.18418,0.16917,0.16989,0.19759,0.25514
 8 Nov 1990, 0.15213,0.17816,0.16766,0.16885,0.19743,0.25489
 9 Nov 1990, 0.14459,0.17304,0.16606,0.16787,0.19729,0.25464
10 Nov 1990, 0.16256,0.17000,0.16450,0.16695,0.19714,0.25439
11 Nov 1990, 0.16021,0.16736,0.16300,0.16607,0.19700,0.25415
12 Nov 1990, 0.14844,0.16403,0.16154,0.16524,0.19685,0.25391
13 Nov 1990, 0.13657,0.16083,0.16014,0.16446,0.19672,0.25367
14 Nov 1990, 0.12518,0.15785,0.15879,0.16371,0.19658,0.25343
15 Nov 1990, 0.12726,0.15524,0.15751,0.16301,0.19645,0.25319
16 Nov 1990, 0.14823,0.15337,0.15632,0.16235,0.19632,0.25296
17 Nov 1990, 0.13595,0.15143,0.15519,0.16172,0.19619,0.25273
18 Nov 1990, 0.12519,0.14950,0.15414,0.16113,0.19607,0.25250
19 Nov 1990, 0.11532,0.14767,0.15315,0.16057,0.19594,0.25227
20 Nov 1990, 0.10573,0.14597,0.15222,0.16005,0.19583,0.25204
21 Nov 1990, 0.09707,0.14437,0.15135,0.15955,0.19571,0.25182
22 Nov 1990, 0.09233,0.14286,0.15054,0.15908,0.19560,0.25159
23 Nov 1990, 0.08271,0.14140,0.14978,0.15864,0.19549,0.25137
24 Nov 1990, 0.07372,0.13997,0.14907,0.15822,0.19538,0.25115
25 Nov 1990, 0.06474,0.13860,0.14840,0.15783,0.19527,0.25094
26 Nov 1990, 0.05563,0.13726,0.14778,0.15746,0.19517,0.25072
27 Nov 1990, 0.04662,0.13596,0.14720,0.15711,0.19507,0.25051
28 Nov 1990, 0.03762,0.13470,0.14665,0.15678,0.19497,0.25029
29 Nov 1990, 0.02792,0.13348,0.14614,0.15647,0.19488,0.25008
30 Nov 1990, 0.02302,0.13233,0.14566,0.15618,0.19478,0.24987
 1 Dec 1990, 0.02299,0.13129,0.14521,0.15591,0.19469,0.24967
 2 Dec 1990, 0.02297,0.13036,0.14479,0.15565,0.19460,0.24946
 3 Dec 1990, 0.04358,0.13010,0.14440,0.15540,0.19452,0.24926
 4 Dec 1990, 0.24665,0.18868,0.14547,0.15518,0.19443,0.24905
 5 Dec 1990, 0.19662,0.20103,0.15921,0.15506,0.19435,0.24885
 6 Dec 1990, 0.16799,0.19609,0.16826,0.15505,0.19427,0.24865
 7 Dec 1990, 0.15458,0.18544,0.16946,0.15506,0.19419,0.24845
 8 Dec 1990, 0.14162,0.17892,0.16778,0.15505,0.19412,0.24826
 9 Dec 1990, 0.12922,0.17345,0.16602,0.15502,0.19404,0.24806
10 Dec 1990, 0.11889,0.16878,0.16426,0.15497,0.19397,0.24787
11 Dec 1990, 0.22077,0.19659,0.17131,0.15500,0.19390,0.24767
12 Dec 1990, 0.18298,0.19962,0.18121,0.15519,0.19383,0.24748
13 Dec 1990, 0.16419,0.19070,0.18435,0.15544,0.19376,0.24729
14 Dec 1990, 0.15164,0.18357,0.18127,0.15562,0.19370,0.24710
15 Dec 1990, 0.13920,0.17781,0.17803,0.15572,0.19364,0.24691
16 Dec 1990, 0.12751,0.17285,0.17500,0.15577,0.19358,0.24673
17 Dec 1990, 0.12018,0.16854,0.17218,0.15576,0.19352,0.24654
18 Dec 1990, 0.11080,0.16475,0.16959,0.15573,0.19346,0.24636
19 Dec 1990, 0.09972,0.16139,0.16720,0.15566,0.19340,0.24618
20 Dec 1990, 0.10537,0.15840,0.16500,0.15557,0.19335,0.24600
21 Dec 1990, 0.09421,0.15562,0.16299,0.15547,0.19329,0.24582
22 Dec 1990, 0.08591,0.15301,0.16113,0.15535,0.19324,0.24564
23 Dec 1990, 0.07865,0.15056,0.15943,0.15522,0.19319,0.24546
24 Dec 1990, 0.06841,0.14823,0.15786,0.15509,0.19313,0.24528
25 Dec 1990, 0.05842,0.14602,0.15641,0.15496,0.19308,0.24511
26 Dec 1990, 0.04872,0.14392,0.15508,0.15482,0.19303,0.24493
27 Dec 1990, 0.04132,0.14195,0.15385,0.15468,0.19298,0.24476
28 Dec 1990, 0.03635,0.14012,0.15271,0.15454,0.19294,0.24459
29 Dec 1990, 0.03109,0.13843,0.15167,0.15441,0.19289,0.24442
30 Dec 1990, 0.02651,0.13685,0.15070,0.15427,0.19284,0.24425
31 Dec 1990, 0.02312,0.13541,0.14981,0.15414,0.19280,0.24408
 1 Jan 1991, 0.02308,0.13410,0.14899,0.15402,0.19275,0.24391
 2 Jan 1991, 0.02304,0.13292,0.14823,0.15389,0.19271,0.24375
 3 Jan 1991, 0.02301,0.13186,0.14753,0.15377,0.19267,0.24358
 4 Jan 1991, 0.02298,0.13090,0.14689,0.15366,0.19263,0.24342
 5 Jan 1991, 0.02290,0.13009,0.14630,0.15355,0.19258,0.24325
 6 Jan 1991, 0.31481,0.21304,0.16666,0.15360,0.19254,0.24309
 7 Jan 1991, 0.24823,0.23740,0.19823,0.15435,0.19257,0.24293
 8 Jan 1991, 0.19982,0.23268,0.21335,0.16357,0.19258,0.24277
 9 Jan 1991, 0.17676,0.21988,0.21680,0.17421,0.19264,0.24261
10 Jan 1991, 0.16716,0.20168,0.21343,0.18276,0.19272,0.24245
11 Jan 1991, 0.15670,0.19146,0.20704,0.18743,0.19282,0.24230
12 Jan 1991, 0.15828,0.18612,0.20077,0.18854,0.19290,0.24214
13 Jan 1991, 0.15170,0.18351,0.19721,0.18814,0.19301,0.24198
14 Jan 1991, 0.14381,0.18117,0.19460,0.18762,0.19311,0.24183
15 Jan 1991, 0.13229,0.17873,0.19210,0.18699,0.19321,0.24168
16 Jan 1991, 0.12396,0.17675,0.19018,0.18653,0.19331,0.24153
17 Jan 1991, 0.11350,0.17495,0.18846,0.18610,0.19341,0.24137
18 Jan 1991, 0.10959,0.17364,0.18728,0.18592,0.19352,0.24122
19 Jan 1991, 0.09935,0.17215,0.18592,0.18556,0.19362,0.24108
20 Jan 1991, 0.08876,0.17038,0.18446,0.18507,0.19371,0.24093
21 Jan 1991, 0.07959,0.16849,0.18304,0.18455,0.19379,0.24078
22 Jan 1991, 0.19100,0.18756,0.18298,0.18434,0.19389,0.24063
23 Jan 1991, 0.24287,0.22116,0.20139,0.18580,0.19400,0.24049
24 Jan 1991, 0.32162,0.27027,0.22980,0.20240,0.19423,0.24035
25 Jan 1991, 0.25420,0.27437,0.24602,0.22846,0.19479,0.24020
26 Jan 1991, 0.20929,0.26053,0.25572,0.24286,0.20266,0.24007
27 Jan 1991, 0.18221,0.24146,0.25388,0.25067,0.21480,0.23997
28 Jan 1991, 0.16986,0.21955,0.24565,0.25320,0.22810,0.23992
29 Jan 1991, 0.16355,0.20294,0.23429,0.25210,0.24022,0.23995
30 Jan 1991, 0.15713,0.19449,0.22355,0.24928,0.24997,0.24008
31 Jan 1991, 0.14796,0.18993,0.21512,0.24554,0.25752,0.24031
 1 Feb 1991, 0.13808,0.18894,0.20731,0.24159,0.26301,0.24062
 2 Feb 1991, 0.12858,0.18764,0.20311,0.23802,0.26664,0.24100
 3 Feb 1991, 0.11877,0.18633,0.20079,0.23523,0.26883,0.24142
 4 Feb 1991, 0.10839,0.18513,0.19944,0.23317,0.26978,0.24204
 5 Feb 1991, 0.09634,0.18391,0.19992,0.23082,0.26994,0.24277
 6 Feb 1991, 0.12117,0.18284,0.19991,0.22966,0.26962,0.24327
 7 Feb 1991, 0.19199,0.19820,0.20321,0.23062,0.26951,0.24369
 8 Feb 1991, 0.17191,0.20016,0.20597,0.23194,0.26985,0.24431
 9 Feb 1991, 0.16147,0.19363,0.20618,0.23279,0.27031,0.24524
10 Feb 1991, 0.15122,0.18954,0.20454,0.23285,0.27060,0.24637
11 Feb 1991, 0.14435,0.18810,0.20170,0.23241,0.27066,0.24751
12 Feb 1991, 0.13696,0.18667,0.20008,0.23170,0.27049,0.24852
13 Feb 1991, 0.12867,0.18533,0.19912,0.23101,0.27020,0.24932
14 Feb 1991, 0.11768,0.18411,0.19998,0.22940,0.26990,0.24990
15 Feb 1991, 0.10455,0.18320,0.19998,0.22998,0.26858,0.25025
16 Feb 1991, 0.13755,0.18231,0.19999,0.22999,0.26770,0.25058
17 Feb 1991, 0.12916,0.18148,0.19999,0.22999,0.26682,0.25088
18 Feb 1991, 0.11961,0.18075,0.19999,0.22999,0.26596,0.25116
19 Feb 1991, 0.10999,0.18013,0.19999,0.22999,0.26510,0.25143
20 Feb 1991, 0.10204,0.17962,0.19999,0.22999,0.26425,0.25167
21 Feb 1991, 0.09640,0.17905,0.19999,0.22999,0.26341,0.25190
22 Feb 1991, 0.08969,0.17840,0.19999,0.22999,0.26258,0.25211
23 Feb 1991, 0.09995,0.17801,0.19999,0.22999,0.26175,0.25230
24 Feb 1991, 0.09545,0.17757,0.20000,0.23000,0.26094,0.25248
25 Feb 1991, 0.08786,0.17701,0.20000,0.22999,0.26013,0.25264
26 Feb 1991, 0.08328,0.17640,0.19999,0.22999,0.25933,0.25278
27 Feb 1991, 0.07916,0.17577,0.19999,0.22999,0.25853,0.25291
28 Feb 1991, 0.07541,0.17512,0.20000,0.23000,0.25774,0.25303
 1 Mar 1991, 0.07197,0.17446,0.20000,0.23000,0.25695,0.25313
 2 Mar 1991, 0.06881,0.17379,0.20000,0.23000,0.25616,0.25322
 3 Mar 1991, 0.06589,0.17313,0.20000,0.23000,0.25538,0.25330
 4 Mar 1991, 0.06317,0.17247,0.20000,0.23000,0.25460,0.25337
 5 Mar 1991, 0.06063,0.17181,0.20000,0.22998,0.25384,0.25343
 6 Mar 1991, 0.05826,0.17117,0.20000,0.22990,0.25312,0.25347
 7 Mar 1991, 0.05603,0.17054,0.20000,0.22977,0.25244,0.25351
 8 Mar 1991, 0.05393,0.16992,0.20000,0.22960,0.25179,0.25353
 9 Mar 1991, 0.05194,0.16931,0.20000,0.22939,0.25118,0.25355
10 Mar 1991, 0.05007,0.16872,0.20000,0.22914,0.25059,0.25357
11 Mar 1991, 0.04829,0.16814,0.20000,0.22886,0.25003,0.25357
12 Mar 1991, 0.04660,0.16757,0.20000,0.22855,0.24949,0.25357
13 Mar 1991, 0.04500,0.16702,0.20000,0.22822,0.24897,0.25356
14 Mar 1991, 0.04347,0.16649,0.20000,0.22786,0.24847,0.25355
15 Mar 1991, 0.04446,0.16601,0.20000,0.22748,0.24799,0.25353
16 Mar 1991, 0.04397,0.16556,0.20000,0.22707,0.24752,0.25351
17 Mar 1991, 0.04252,0.16512,0.20000,0.22666,0.24706,0.25348
18 Mar 1991, 0.04115,0.16468,0.20000,0.22622,0.24662,0.25345
19 Mar 1991, 0.03983,0.16425,0.20000,0.22577,0.24619,0.25342
20 Mar 1991, 0.03857,0.16383,0.20000,0.22531,0.24577,0.25338
21 Mar 1991, 0.03736,0.16342,0.20000,0.22483,0.24536,0.25334
22 Mar 1991, 0.03621,0.16303,0.20000,0.22435,0.24496,0.25329
23 Mar 1991, 0.03510,0.16263,0.20000,0.22385,0.24457,0.25324
24 Mar 1991, 0.03404,0.16225,0.20000,0.22334,0.24418,0.25319
25 Mar 1991, 0.03302,0.16188,0.19999,0.22284,0.24380,0.25313
26 Mar 1991, 0.03204,0.16152,0.19992,0.22236,0.24343,0.25307
27 Mar 1991, 0.03110,0.16116,0.19981,0.22190,0.24307,0.25301
28 Mar 1991, 0.03020,0.16080,0.19966,0.22147,0.24271,0.25295
29 Mar 1991, 0.02933,0.16044,0.19948,0.22105,0.24236,0.25288
30 Mar 1991, 0.12265,0.16124,0.19929,0.22065,0.24201,0.25281
31 Mar 1991, 0.16766,0.16351,0.19912,0.22026,0.24168,0.25274
 1 Apr 1991, 0.16096,0.16501,0.19896,0.21989,0.24135,0.25267
 2 Apr 1991, 0.17168,0.17069,0.19891,0.21953,0.24102,0.25259
 3 Apr 1991, 0.16356,0.17231,0.19881,0.21912,0.24067,0.25252
 4 Apr 1991, 0.15663,0.17278,0.19859,0.21863,0.24028,0.25244
 5 Apr 1991, 0.15473,0.17306,0.19827,0.21805,0.23984,0.25236
 6 Apr 1991, 0.15377,0.17325,0.19794,0.21749,0.23941,0.25228
 7 Apr 1991, 0.15264,0.17317,0.19734,0.21670,0.23886,0.25219
 8 Apr 1991, 0.15161,0.17307,0.19681,0.21599,0.23835,0.25210
 9 Apr 1991, 0.15064,0.17292,0.19629,0.21530,0.23786,0.25201
10 Apr 1991, 0.14967,0.17268,0.19571,0.21459,0.23734,0.25191
11 Apr 1991, 0.14856,0.17225,0.19495,0.21371,0.23675,0.25182
12 Apr 1991, 0.14754,0.17184,0.19427,0.21293,0.23620,0.25172
13 Apr 1991, 0.14650,0.17135,0.19353,0.21210,0.23562,0.25161
14 Apr 1991, 0.14515,0.17055,0.19244,0.21093,0.23488,0.25151
15 Apr 1991, 0.17275,0.17434,0.19203,0.21033,0.23442,0.25140
16 Apr 1991, 0.16487,0.17528,0.19169,0.20978,0.23398,0.25129
17 Apr 1991, 0.15753,0.17418,0.19062,0.20854,0.23320,0.25117
18 Apr 1991, 0.15007,0.17231,0.18886,0.20666,0.23210,0.25106
19 Apr 1991, 0.14832,0.17104,0.18777,0.20548,0.23135,0.25094
20 Apr 1991, 0.14561,0.16899,0.18573,0.20338,0.23013,0.25081
21 Apr 1991, 0.14388,0.16778,0.18466,0.20226,0.22940,0.25068
22 Apr 1991, 0.14110,0.16567,0.18250,0.20008,0.22813,0.25055
23 Apr 1991, 0.13923,0.16438,0.18129,0.19886,0.22734,0.25041
24 Apr 1991, 0.13663,0.16245,0.17930,0.19685,0.22615,0.25027
25 Apr 1991, 0.13420,0.16067,0.17747,0.19501,0.22504,0.25012
26 Apr 1991, 0.17941,0.17143,0.17591,0.19310,0.22389,0.24998
27 Apr 1991, 0.19380,0.18757,0.17551,0.19090,0.22256,0.24982
28 Apr 1991, 0.17641,0.19112,0.17827,0.18962,0.22169,0.24967
29 Apr 1991, 0.16792,0.18828,0.17957,0.18890,0.22110,0.24951
30 Apr 1991, 0.16286,0.18470,0.17924,0.18832,0.22058,0.24935
 1 May 1991, 0.15679,0.17907,0.17694,0.18623,0.21927,0.24920
 2 May 1991, 0.15287,0.17565,0.17568,0.18514,0.21850,0.24903
 3 May 1991, 0.14878,0.17275,0.17453,0.18419,0.21781,0.24887
 4 May 1991, 0.14459,0.16982,0.17314,0.18308,0.21704,0.24871
 5 May 1991, 0.14050,0.16702,0.17165,0.18191,0.21624,0.24854
 6 May 1991, 0.13660,0.16440,0.17017,0.18074,0.21546,0.24838
 7 May 1991, 0.13253,0.16162,0.16840,0.17933,0.21454,0.24821
 8 May 1991, 0.12841,0.15877,0.16644,0.17773,0.21351,0.24805
 9 May 1991, 0.14414,0.15671,0.16478,0.17638,0.21263,0.24788
10 May 1991, 0.15110,0.15574,0.16385,0.17566,0.21210,0.24771
11 May 1991, 0.14412,0.15430,0.16263,0.17466,0.21141,0.24754
12 May 1991, 0.13817,0.15300,0.16163,0.17386,0.21084,0.24737
13 May 1991, 0.13176,0.15122,0.16024,0.17267,0.21005,0.24721
14 May 1991, 0.12658,0.14999,0.15938,0.17197,0.20954,0.24704
15 May 1991, 0.12143,0.14832,0.15810,0.17085,0.20878,0.24687
16 May 1991, 0.11771,0.14671,0.15684,0.16974,0.20803,0.24670
17 May 1991, 0.11448,0.14534,0.15580,0.16882,0.20738,0.24653
18 May 1991, 0.11151,0.14406,0.15480,0.16793,0.20676,0.24636
19 May 1991, 0.10878,0.14287,0.15387,0.16709,0.20615,0.24619
20 May 1991, 0.10623,0.14167,0.15290,0.16619,0.20551,0.24603
21 May 1991, 0.15524,0.14146,0.15200,0.16534,0.20490,0.24586
22 May 1991, 0.24003,0.18840,0.15302,0.16508,0.20466,0.24569
23 May 1991, 0.25943,0.22052,0.18243,0.16504,0.20434,0.24552
24 May 1991, 0.21850,0.22838,0.20349,0.16825,0.20423,0.24536
25 May 1991, 0.19259,0.22216,0.21251,0.17632,0.20407,0.24519
26 May 1991, 0.17893,0.21301,0.21424,0.18497,0.20399,0.24503
27 May 1991, 0.16981,0.20420,0.21193,0.19200,0.20393,0.24487
28 May 1991, 0.16622,0.19262,0.20673,0.19588,0.20375,0.24471
29 May 1991, 0.16427,0.18777,0.20236,0.19721,0.20368,0.24454
30 May 1991, 0.16204,0.18476,0.19780,0.19645,0.20351,0.24439
31 May 1991, 0.15813,0.18242,0.19525,0.19545,0.20343,0.24423
 1 Jun 1991, 0.15431,0.17984,0.19259,0.19421,0.20330,0.24407
 2 Jun 1991, 0.14985,0.17681,0.18956,0.19255,0.20307,0.24391
 3 Jun 1991, 0.14757,0.17479,0.18764,0.19157,0.20297,0.24376
 4 Jun 1991, 0.14811,0.17301,0.18590,0.19064,0.20287,0.24360
 5 Jun 1991, 0.14448,0.17101,0.18398,0.18951,0.20273,0.24345
 6 Jun 1991, 0.14148,0.16914,0.18223,0.18845,0.20259,0.24329
 7 Jun 1991, 0.17100,0.17104,0.18074,0.18746,0.20246,0.24314
 8 Jun 1991, 0.30701,0.23338,0.20410,0.18983,0.20231,0.24299
 9 Jun 1991, 0.28201,0.26103,0.22788,0.20515,0.20245,0.24284
10 Jun 1991, 0.28829,0.27874,0.24974,0.22801,0.20278,0.24269
11 Jun 1991, 0.29132,0.29130,0.26979,0.24589,0.21252,0.24256
12 Jun 1991, 0.31431,0.30626,0.28632,0.25916,0.23041,0.24251
13 Jun 1991, 0.37119,0.32656,0.32401,0.27701,0.25778,0.24272
14 Jun 1991, 0.28609,0.31892,0.32527,0.29121,0.28033,0.25089
15 Jun 1991, 0.23572,0.29375,0.31581,0.29706,0.29510,0.26972
16 Jun 1991, 0.20589,0.26515,0.29761,0.29487,0.30413,0.29190
17 Jun 1991, 0.18560,0.23995,0.27567,0.28682,0.30675,0.30657
18 Jun 1991, 0.17535,0.22257,0.25748,0.27858,0.30630,0.31474
19 Jun 1991, 0.16986,0.20987,0.24160,0.26943,0.30326,0.31842
20 Jun 1991, 0.16937,0.19940,0.22881,0.26065,0.29884,0.31883
21 Jun 1991, 0.16899,0.19227,0.21834,0.25232,0.29355,0.31705
22 Jun 1991, 0.16847,0.18866,0.21051,0.24531,0.28829,0.31386
23 Jun 1991, 0.16554,0.18724,0.20366,0.23937,0.28320,0.31001
24 Jun 1991, 0.17482,0.19010,0.20083,0.23379,0.27802,0.30594
25 Jun 1991, 0.17073,0.19049,0.20025,0.23167,0.27496,0.30179
26 Jun 1991, 0.16745,0.18683,0.19846,0.22891,0.27179,0.29840
27 Jun 1991, 0.16359,0.18426,0.19819,0.22753,0.26796,0.29547
28 Jun 1991, 0.15989,0.18207,0.19780,0.22618,0.26592,0.29257
29 Jun 1991, 0.18099,0.19007,0.19819,0.22523,0.26388,0.29087
30 Jun 1991, 0.19076,0.19822,0.20126,0.22635,0.26216,0.28986
 1 Jul 1991, 0.17837,0.19892,0.20359,0.22858,0.26084,0.28920
 2 Jul 1991, 0.17152,0.19660,0.20440,0.22976,0.26128,0.28856
 3 Jul 1991, 0.16920,0.19162,0.20365,0.23026,0.26193,0.28796
 4 Jul 1991, 0.16836,0.18848,0.20176,0.22986,0.26233,0.28739
 5 Jul 1991, 0.19758,0.20001,0.20429,0.23003,0.26274,0.28686
 6 Jul 1991, 0.19083,0.20429,0.20754,0.23095,0.26357,0.28635
 7 Jul 1991, 0.17994,0.20328,0.20944,0.23256,0.26523,0.28589
 8 Jul 1991, 0.17235,0.19936,0.20887,0.23319,0.26713,0.28549
 9 Jul 1991, 0.24286,0.22482,0.21887,0.23646,0.27001,0.28576
10 Jul 1991, 0.29248,0.25955,0.23840,0.24316,0.27353,0.28866
11 Jul 1991, 0.36863,0.32494,0.32967,0.29105,0.28987,0.29760
12 Jul 1991, 0.37169,0.32697,0.33100,0.34006,0.31483,0.31261
13 Jul 1991, 0.33220,0.32741,0.33143,0.33852,0.32939,0.32741
14 Jul 1991, 0.26854,0.31172,0.32692,0.32835,0.33496,0.33861
15 Jul 1991, 0.24105,0.29194,0.31646,0.31965,0.33572,0.34559
16 Jul 1991, 0.20883,0.26739,0.30026,0.31002,0.33324,0.34882
17 Jul 1991, 0.19027,0.24522,0.28147,0.29905,0.32836,0.34887
18 Jul 1991, 0.17788,0.22569,0.26125,0.28596,0.32099,0.34635
19 Jul 1991, 0.17017,0.21164,0.24397,0.27384,0.31305,0.34155
20 Jul 1991, 0.16824,0.19745,0.22898,0.26206,0.30448,0.33543
21 Jul 1991, 0.16546,0.19036,0.21692,0.25191,0.29633,0.32846
22 Jul 1991, 0.16408,0.18661,0.20809,0.24344,0.28887,0.32130
23 Jul 1991, 0.16902,0.18752,0.20234,0.23779,0.28302,0.31443
24 Jul 1991, 0.16529,0.18539,0.19881,0.23306,0.27792,0.30839
25 Jul 1991, 0.16241,0.18303,0.19816,0.22826,0.27374,0.30316
26 Jul 1991, 0.15879,0.18141,0.19828,0.22775,0.26949,0.29879
27 Jul 1991, 0.15532,0.17971,0.19801,0.22677,0.26757,0.29450
28 Jul 1991, 0.15847,0.17797,0.19715,0.22519,0.26535,0.29201
29 Jul 1991, 0.15456,0.17653,0.19647,0.22393,0.26349,0.29054
30 Jul 1991, 0.14972,0.17410,0.19448,0.22127,0.26084,0.28966
31 Jul 1991, 0.14702,0.17282,0.19373,0.22013,0.25934,0.28899
 1 Aug 1991, 0.15293,0.17230,0.19356,0.21967,0.25837,0.28832
 2 Aug 1991, 0.14995,0.17140,0.19292,0.21872,0.25713,0.28767
 3 Aug 1991, 0.14591,0.17036,0.19212,0.21760,0.25585,0.28702
 4 Aug 1991, 0.14093,0.16848,0.19025,0.21535,0.25387,0.28638
 5 Aug 1991, 0.17231,0.17297,0.18736,0.21176,0.25108,0.28574
 6 Aug 1991, 0.28568,0.22557,0.20453,0.21256,0.24852,0.28510
 7 Aug 1991, 0.22929,0.23551,0.21967,0.22141,0.24733,0.28446
 8 Aug 1991, 0.24734,0.24726,0.23313,0.23200,0.24885,0.28385
 9 Aug 1991, 0.21176,0.24095,0.23920,0.24061,0.25473,0.28331
10 Aug 1991, 0.19022,0.22920,0.23851,0.24599,0.26314,0.28291
11 Aug 1991, 0.17683,0.21696,0.23305,0.24761,0.27093,0.28393
12 Aug 1991, 0.16939,0.20558,0.22457,0.24561,0.27469,0.28785
13 Aug 1991, 0.16389,0.19184,0.21352,0.23949,0.27427,0.29155
14 Aug 1991, 0.15936,0.18593,0.20499,0.23425,0.27262,0.29291
15 Aug 1991, 0.16209,0.18244,0.19812,0.22923,0.26988,0.29278
16 Aug 1991, 0.16679,0.18095,0.19713,0.22692,0.26698,0.29106
17 Aug 1991, 0.16179,0.17949,0.19691,0.22578,0.26508,0.29002
18 Aug 1991, 0.15698,0.17807,0.19660,0.22467,0.26337,0.28939
19 Aug 1991, 0.15045,0.17536,0.19462,0.22180,0.26063,0.28876
20 Aug 1991, 0.14454,0.17282,0.19262,0.21912,0.25814,0.28812
21 Aug 1991, 0.17928,0.18131,0.19006,0.21540,0.25507,0.28747
22 Aug 1991, 0.17534,0.18706,0.19052,0.21495,0.25424,0.28681
23 Aug 1991, 0.17888,0.19187,0.19261,0.21278,0.25226,0.28616
24 Aug 1991, 0.18995,0.19852,0.19703,0.21043,0.24959,0.28551
25 Aug 1991, 0.17504,0.19782,0.20044,0.21081,0.24846,0.28486
26 Aug 1991, 0.16722,0.19135,0.20038,0.21098,0.24716,0.28422
27 Aug 1991, 0.16155,0.18635,0.19821,0.21008,0.24586,0.28359
28 Aug 1991, 0.23732,0.21448,0.20622,0.21183,0.24365,0.28298
29 Aug 1991, 0.20464,0.21842,0.21417,0.21808,0.24292,0.28236
30 Aug 1991, 0.20032,0.21906,0.21879,0.22596,0.24219,0.28176
31 Aug 1991, 0.21858,0.22661,0.22447,0.23263,0.24417,0.28119
 1 Sep 1991, 0.19028,0.22028,0.22521,0.23663,0.24816,0.28066
 2 Sep 1991, 0.17348,0.20987,0.22135,0.23786,0.25268,0.28020
 3 Sep 1991, 0.16784,0.19732,0.21552,0.23728,0.25677,0.27981
 4 Sep 1991, 0.16224,0.18771,0.20628,0.23258,0.25836,0.27947
 5 Sep 1991, 0.15533,0.18449,0.19982,0.22958,0.25833,0.27913
 6 Sep 1991, 0.14904,0.18132,0.19745,0.22707,0.25615,0.27876
 7 Sep 1991, 0.14082,0.17723,0.19492,0.22253,0.25326,0.27838
 8 Sep 1991, 0.13265,0.17329,0.19189,0.21806,0.25037,0.27797
 9 Sep 1991, 0.13159,0.17142,0.19082,0.21620,0.24898,0.27754
10 Sep 1991, 0.12544,0.16854,0.18831,0.21290,0.24674,0.27711
11 Sep 1991, 0.25993,0.21239,0.20020,0.21210,0.24484,0.27667
12 Sep 1991, 0.22551,0.22607,0.21315,0.21725,0.24318,0.27622
13 Sep 1991, 0.19407,0.22213,0.21971,0.22569,0.24241,0.27578
14 Sep 1991, 0.17485,0.21150,0.21877,0.23074,0.24330,0.27535
15 Sep 1991, 0.16633,0.19787,0.21303,0.23155,0.24468,0.27495
16 Sep 1991, 0.17175,0.19485,0.20687,0.22959,0.24510,0.27456
17 Sep 1991, 0.17085,0.19311,0.20250,0.22690,0.24411,0.27418
18 Sep 1991, 0.20326,0.20513,0.20605,0.22777,0.24346,0.27379
19 Sep 1991, 0.18282,0.20401,0.20731,0.22799,0.24299,0.27341
20 Sep 1991, 0.17056,0.19916,0.20650,0.22852,0.24275,0.27303
21 Sep 1991, 0.16247,0.18824,0.20150,0.22604,0.24139,0.27266
22 Sep 1991, 0.19913,0.20098,0.20336,0.22592,0.24006,0.27228
23 Sep 1991, 0.17505,0.19983,0.20409,0.22603,0.23874,0.27190
24 Sep 1991, 0.16420,0.18982,0.20107,0.22430,0.23713,0.27152
25 Sep 1991, 0.15738,0.18485,0.19624,0.22084,0.23565,0.27113
26 Sep 1991, 0.16112,0.18139,0.19431,0.21717,0.23452,0.27075
27 Sep 1991, 0.25908,0.22000,0.20629,0.21794,0.23298,0.27036
28 Sep 1991, 0.20829,0.22418,0.21569,0.22333,0.23189,0.26998
29 Sep 1991, 0.17781,0.21310,0.21600,0.22720,0.23148,0.26960
30 Sep 1991, 0.16455,0.19848,0.21057,0.22783,0.23155,0.26923
 1 Oct 1991, 0.15539,0.18888,0.20485,0.22753,0.23125,0.26887
 2 Oct 1991, 0.14574,0.18352,0.19733,0.22414,0.22999,0.26850
 3 Oct 1991, 0.13681,0.17867,0.19427,0.21859,0.22869,0.26814
 4 Oct 1991, 0.12698,0.17441,0.19105,0.21372,0.22738,0.26777
 5 Oct 1991, 0.11817,0.17060,0.18783,0.20937,0.22608,0.26741
 6 Oct 1991, 0.11390,0.16718,0.18472,0.20545,0.22481,0.26705
 7 Oct 1991, 0.13358,0.16421,0.18175,0.20187,0.22358,0.26669
 8 Oct 1991, 0.12340,0.16143,0.17895,0.19860,0.22238,0.26634
 9 Oct 1991, 0.11384,0.15883,0.17631,0.19559,0.22122,0.26598
10 Oct 1991, 0.10961,0.15644,0.17383,0.19280,0.22011,0.26563
11 Oct 1991, 0.10592,0.15424,0.17151,0.19022,0.21903,0.26528
12 Oct 1991, 0.10267,0.15221,0.16935,0.18782,0.21800,0.26493
13 Oct 1991, 0.09982,0.15034,0.16733,0.18559,0.21701,0.26459
14 Oct 1991, 0.09731,0.14858,0.16544,0.18351,0.21606,0.26425
15 Oct 1991, 0.09494,0.14693,0.16368,0.18157,0.21514,0.26391
16 Oct 1991, 0.09268,0.14539,0.16204,0.17976,0.21426,0.26358
17 Oct 1991, 0.09052,0.14396,0.16051,0.17806,0.21342,0.26324
18 Oct 1991, 0.08846,0.14261,0.15909,0.17648,0.21261,0.26292
19 Oct 1991, 0.08648,0.14136,0.15776,0.17499,0.21184,0.26259
20 Oct 1991, 0.08458,0.14018,0.15652,0.17360,0.21109,0.26227
21 Oct 1991, 0.08275,0.13909,0.15537,0.17229,0.21038,0.26195
22 Oct 1991, 0.08148,0.13807,0.15429,0.17107,0.20969,0.26163
23 Oct 1991, 0.07975,0.13712,0.15329,0.16992,0.20904,0.26132
24 Oct 1991, 0.07808,0.13623,0.15235,0.16884,0.20841,0.26101
25 Oct 1991, 0.13662,0.13601,0.15149,0.16783,0.20780,0.26071
26 Oct 1991, 0.16683,0.14308,0.15077,0.16688,0.20722,0.26040
27 Oct 1991, 0.16636,0.14957,0.15020,0.16599,0.20666,0.26010
28 Oct 1991, 0.15165,0.14848,0.14966,0.16516,0.20613,0.25981
29 Oct 1991, 0.14181,0.14715,0.14913,0.16437,0.20561,0.25951
30 Oct 1991, 0.12985,0.14568,0.14863,0.16363,0.20512,0.25922
31 Oct 1991, 0.16015,0.14713,0.14818,0.16294,0.20464,0.25893
 1 Nov 1991, 0.15138,0.14626,0.14775,0.16229,0.20418,0.25865
 2 Nov 1991, 0.14106,0.14513,0.14733,0.16168,0.20375,0.25836
 3 Nov 1991, 0.13089,0.14387,0.14693,0.16110,0.20332,0.25808
 4 Nov 1991, 0.20237,0.17743,0.14737,0.16056,0.20292,0.25781
 5 Nov 1991, 0.17965,0.18743,0.14977,0.16007,0.20253,0.25753
 6 Nov 1991, 0.16164,0.18382,0.15104,0.15962,0.20215,0.25726
 7 Nov 1991, 0.15080,0.17749,0.15121,0.15920,0.20179,0.25699
 8 Nov 1991, 0.13697,0.17203,0.15113,0.15881,0.20145,0.25672
 9 Nov 1991, 0.12476,0.16732,0.15087,0.15844,0.20111,0.25646
10 Nov 1991, 0.11352,0.16324,0.15051,0.15808,0.20079,0.25619
11 Nov 1991, 0.10660,0.15968,0.15008,0.15775,0.20048,0.25593
12 Nov 1991, 0.09648,0.15650,0.14961,0.15744,0.20018,0.25568
13 Nov 1991, 0.08668,0.15355,0.14912,0.15714,0.19990,0.25542
14 Nov 1991, 0.07750,0.15081,0.14861,0.15685,0.19962,0.25517
15 Nov 1991, 0.07001,0.14829,0.14811,0.15658,0.19935,0.25492
16 Nov 1991, 0.06376,0.14598,0.14761,0.15633,0.19910,0.25467
17 Nov 1991, 0.05451,0.14381,0.14713,0.15608,0.19885,0.25442
18 Nov 1991, 0.04419,0.14177,0.14665,0.15585,0.19861,0.25418
19 Nov 1991, 0.03414,0.13984,0.14620,0.15563,0.19838,0.25394
20 Nov 1991, 0.03031,0.13807,0.14576,0.15542,0.19816,0.25370
21 Nov 1991, 0.02594,0.13645,0.14535,0.15522,0.19794,0.25346
22 Nov 1991, 0.02311,0.13498,0.14495,0.15503,0.19774,0.25322
23 Nov 1991, 0.02307,0.13365,0.14457,0.15485,0.19754,0.25299
24 Nov 1991, 0.02303,0.13247,0.14422,0.15468,0.19735,0.25276
25 Nov 1991, 0.02300,0.13140,0.14389,0.15452,0.19716,0.25253
26 Nov 1991, 0.02297,0.13045,0.14357,0.15436,0.19698,0.25230
27 Nov 1991, 0.09228,0.13020,0.14328,0.15422,0.19681,0.25207
28 Nov 1991, 0.08145,0.13009,0.14302,0.15408,0.19664,0.25185
29 Nov 1991, 0.07217,0.13010,0.14277,0.15394,0.19648,0.25163
30 Nov 1991, 0.06284,0.13009,0.14255,0.15382,0.19632,0.25141
 1 Dec 1991, 0.05663,0.13009,0.14234,0.15370,0.19617,0.25119
 2 Dec 1991, 0.04481,0.13009,0.14215,0.15359,0.19603,0.25097
 3 Dec 1991, 0.03237,0.13009,0.14198,0.15348,0.19588,0.25075
 4 Dec 1991, 0.02904,0.13008,0.14182,0.15338,0.19575,0.25054
 5 Dec 1991, 0.02317,0.13008,0.14167,0.15328,0.19562,0.25033
 6 Dec 1991, 0.02208,0.13008,0.14154,0.15319,0.19549,0.25012
 7 Dec 1991, 0.02208,0.13008,0.14142,0.15310,0.19536,0.24991
 8 Dec 1991, 0.02208,0.13008,0.14130,0.15302,0.19524,0.24970
 9 Dec 1991, 0.02208,0.13008,0.14120,0.15294,0.19513,0.24949
10 Dec 1991, 0.02208,0.13008,0.14110,0.15287,0.19501,0.24929
11 Dec 1991, 0.27508,0.19600,0.14795,0.15283,0.19490,0.24909
12 Dec 1991, 0.21863,0.21182,0.17018,0.15303,0.19485,0.24888
13 Dec 1991, 0.23773,0.22885,0.19828,0.15383,0.19488,0.24868
14 Dec 1991, 0.27550,0.25572,0.22222,0.16724,0.19494,0.24849
15 Dec 1991, 0.22434,0.25297,0.23377,0.18736,0.19507,0.24829
16 Dec 1991, 0.18361,0.23495,0.23192,0.20650,0.19526,0.24809
17 Dec 1991, 0.16900,0.21858,0.22815,0.22032,0.19570,0.24790
18 Dec 1991, 0.16684,0.20058,0.22149,0.22835,0.19652,0.24771
19 Dec 1991, 0.18376,0.20351,0.21757,0.23241,0.19916,0.24752
20 Dec 1991, 0.16649,0.19594,0.21289,0.23276,0.20245,0.24734
21 Dec 1991, 0.15574,0.19090,0.20916,0.23346,0.20516,0.24716
22 Dec 1991, 0.15693,0.18821,0.20567,0.23296,0.20758,0.24698
23 Dec 1991, 0.14747,0.18700,0.20218,0.23202,0.20948,0.24682
24 Dec 1991, 0.13547,0.18559,0.20014,0.23087,0.21078,0.24665
25 Dec 1991, 0.12861,0.18415,0.19885,0.22976,0.21150,0.24649
26 Dec 1991, 0.11507,0.18269,0.19957,0.22749,0.21187,0.24633
27 Dec 1991, 0.10269,0.18147,0.19951,0.22561,0.21219,0.24618
28 Dec 1991, 0.09783,0.17998,0.19913,0.22332,0.21238,0.24602
29 Dec 1991, 0.09065,0.17867,0.19903,0.22132,0.21257,0.24587
30 Dec 1991, 0.08603,0.17737,0.19868,0.21950,0.21273,0.24572
31 Dec 1991, 0.08375,0.17622,0.19827,0.21793,0.21288,0.24557
 1 Jan 1992, 0.28361,0.22825,0.21366,0.22323,0.21305,0.24542
 2 Jan 1992, 0.22490,0.23937,0.22764,0.23243,0.21519,0.24528
 3 Jan 1992, 0.18675,0.23116,0.23240,0.23872,0.22082,0.24516
 4 Jan 1992, 0.17626,0.22085,0.23114,0.24224,0.22812,0.24507
 5 Jan 1992, 0.19507,0.22033,0.23009,0.24410,0.23612,0.24503
 6 Jan 1992, 0.21249,0.22781,0.23270,0.24637,0.24477,0.24507
 7 Jan 1992, 0.17917,0.22078,0.23078,0.24679,0.25324,0.24521
 8 Jan 1992, 0.16724,0.20402,0.22519,0.24579,0.26098,0.24546
 9 Jan 1992, 0.21363,0.21810,0.22523,0.24500,0.26810,0.24585
10 Jan 1992, 0.33343,0.27402,0.24797,0.25088,0.27430,0.25002
11 Jan 1992, 0.28290,0.28716,0.26726,0.26002,0.28081,0.25849
12 Jan 1992, 0.22023,0.27296,0.27254,0.26642,0.28640,0.27104
13 Jan 1992, 0.18417,0.24894,0.26557,0.26804,0.29030,0.28605
14 Jan 1992, 0.16715,0.21724,0.25060,0.26402,0.29147,0.29699
15 Jan 1992, 0.15592,0.19940,0.23374,0.25746,0.29031,0.30298
16 Jan 1992, 0.14287,0.19031,0.21942,0.24945,0.28705,0.30536
17 Jan 1992, 0.12953,0.18525,0.20855,0.24139,0.28245,0.30508
18 Jan 1992, 0.11604,0.18219,0.20072,0.23480,0.27763,0.30302
19 Jan 1992, 0.10286,0.17915,0.19654,0.22969,0.27320,0.30000
20 Jan 1992, 0.08903,0.17539,0.19477,0.22606,0.26773,0.29677
21 Jan 1992, 0.08055,0.17140,0.19217,0.22221,0.26398,0.29331
22 Jan 1992, 0.07544,0.16767,0.18938,0.21841,0.26045,0.29127
23 Jan 1992, 0.19670,0.19061,0.18994,0.21488,0.25721,0.29004
24 Jan 1992, 0.17070,0.19385,0.19364,0.21296,0.25513,0.28929
25 Jan 1992, 0.33367,0.25863,0.22281,0.22403,0.25439,0.28857
26 Jan 1992, 0.24793,0.26690,0.24358,0.23689,0.25834,0.28792
27 Jan 1992, 0.20027,0.25033,0.24867,0.24557,0.26654,0.28744
28 Jan 1992, 0.16789,0.22807,0.24172,0.24809,0.27249,0.29025
29 Jan 1992, 0.15453,0.20171,0.22847,0.24525,0.27484,0.29314
30 Jan 1992, 0.14241,0.19085,0.21624,0.24108,0.27524,0.29478
31 Jan 1992, 0.12921,0.18535,0.20668,0.23595,0.27385,0.29524
 1 Feb 1992, 0.16727,0.18599,0.20022,0.22992,0.27057,0.29465
 2 Feb 1992, 0.15484,0.18205,0.19666,0.22620,0.26738,0.29293
 3 Feb 1992, 0.13914,0.17759,0.19402,0.22237,0.26360,0.29110
