date,comp,value1,value2,value3,value4,value5,value6
 1 Aug 1990, 1, 0.00,0.00,0.00,0.00,0.00,0.00
 1 Aug 1990, 2, 0.20,0.20,0.35,0.31,0.00,0.00
 1 Aug 1990, 3, 0.00,0.00,0.00,0.00,0.00,0.00
 2 Aug 1990, 1, 0.00,0.00,0.00,0.00,0.00,0.00
 2 Aug 1990, 2, 0.39,0.34,0.53,0.47,0.00,0.00
 2 Aug 1990, 3, 0.00,0.00,0.00,0.00,0.00,0.00
 3 Aug 1990, 1, 0.00,0.00,0.00,0.00,0.00,0.00
 3 Aug 1990, 2, 0.25,0.19,0.26,0.22,0.00,0.00
 3 Aug 1990, 3, 0.00,0.00,0.00,0.00,0.00,0.00
 4 Aug 1990, 1, 0.00,0.00,0.00,0.00,0.00,0.00
 4 Aug 1990, 2, 0.27,0.22,0.29,0.23,0.00,0.00
 4 Aug 1990, 3, 0.00,0.00,0.00,0.00,0.00,0.00
 5 Aug 1990, 1, 0.00,0.00,0.00,0.00,0.00,0.00
 5 Aug 1990, 2, 0.21,0.19,0.23,0.19,0.00,0.00
 5 Aug 1990, 3, 0.00,0.00,0.00,0.00,0.00,0.00
 6 Aug 1990, 1, 0.00,0.00,0.00,0.00,0.00,0.00
 6 Aug 1990, 2, 0.38,0.34,0.42,0.33,0.00,0.00
 6 Aug 1990, 3, 0.00,0.00,0.00,0.00,0.00,0.00
 7 Aug 1990, 1, 0.00,0.00,0.00,0.00,0.00,0.00
 7 Aug 1990, 2, 0.12,0.12,0.15,0.12,0.00,0.00
 7 Aug 1990, 3, 0.00,0.00,0.00,0.00,0.00,0.00
 8 Aug 1990, 1, 0.00,0.00,0.00,0.00,0.00,0.00
 8 Aug 1990, 2, 0.17,0.18,0.24,0.19,0.00,0.00
 8 Aug 1990, 3, 0.00,0.00,0.00,0.00,0.00,0.00
 9 Aug 1990, 1, 0.00,0.00,0.00,0.00,0.00,0.00
 9 Aug 1990, 2, 0.29,0.32,0.45,0.37,0.00,0.00
 9 Aug 1990, 3, 0.00,0.00,0.00,0.00,0.00,0.00
10 Aug 1990, 1, 0.00,0.00,0.00,0.00,0.00,0.00
10 Aug 1990, 2, 0.24,0.26,0.39,0.33,0.00,0.00
10 Aug 1990, 3, 0.00,0.00,0.00,0.00,0.00,0.00
11 Aug 1990, 1, 0.00,0.00,0.00,0.00,0.00,0.00
11 Aug 1990, 2, 0.22,0.24,0.37,0.32,0.00,0.00
11 Aug 1990, 3, 0.00,0.00,0.00,0.00,0.00,0.00
12 Aug 1990, 1, 0.00,0.00,0.00,0.00,0.00,0.00
12 Aug 1990, 2, 0.26,0.30,0.49,0.43,0.00,0.00
12 Aug 1990, 3, 0.00,0.00,0.00,0.00,0.00,0.00
13 Aug 1990, 1, 0.00,0.00,0.00,0.00,0.00,0.00
13 Aug 1990, 2, 0.20,0.21,0.34,0.31,0.00,0.00
13 Aug 1990, 3, 0.00,0.00,0.00,0.00,0.00,0.00
14 Aug 1990, 1, 0.00,0.00,0.00,0.00,0.00,0.00
14 Aug 1990, 2, 0.24,0.25,0.41,0.37,0.00,0.00
14 Aug 1990, 3, 0.00,0.00,0.00,0.00,0.00,0.00
15 Aug 1990, 1, 0.00,0.00,0.00,0.00,0.00,0.00
15 Aug 1990, 2, 0.20,0.20,0.33,0.30,0.00,0.00
15 Aug 1990, 3, 0.00,0.00,0.00,0.00,0.00,0.00
16 Aug 1990, 1, 0.00,0.00,0.00,0.00,0.00,0.00
16 Aug 1990, 2, 0.22,0.21,0.36,0.32,0.00,0.00
16 Aug 1990, 3, 0.00,0.00,0.00,0.00,0.00,0.00
17 Aug 1990, 1, 0.00,0.00,0.00,0.00,0.00,0.00
17 Aug 1990, 2, 0.18,0.18,0.31,0.27,0.00,0.00
17 Aug 1990, 3, 0.00,0.00,0.00,0.00,0.00,0.00
18 Aug 1990, 1, 0.00,0.00,0.00,0.00,0.00,0.00
18 Aug 1990, 2, 0.23,0.24,0.40,0.34,0.00,0.00
18 Aug 1990, 3, 0.00,0.00,0.00,0.00,0.00,0.00
19 Aug 1990, 1, 0.00,0.00,0.00,0.00,0.00,0.00
19 Aug 1990, 2, 0.19,0.20,0.34,0.29,0.00,0.00
19 Aug 1990, 3, 0.00,0.00,0.00,0.00,0.00,0.00
20 Aug 1990, 1, 0.00,0.00,0.00,0.00,0.00,0.00
20 Aug 1990, 2, 0.28,0.28,0.46,0.40,0.00,0.00
20 Aug 1990, 3, 0.00,0.00,0.00,0.00,0.00,0.00
21 Aug 1990, 1, 0.00,0.00,0.00,0.00,0.00,0.00
21 Aug 1990, 2, 0.28,0.27,0.42,0.36,0.00,0.00
21 Aug 1990, 3, 0.00,0.00,0.00,0.00,0.00,0.00
22 Aug 1990, 1, 0.00,0.00,0.00,0.00,0.00,0.00
22 Aug 1990, 2, 0.23,0.21,0.33,0.28,0.00,0.00
22 Aug 1990, 3, 0.00,0.00,0.00,0.00,0.00,0.00
23 Aug 1990, 1, 0.00,0.00,0.00,0.00,0.00,0.00
23 Aug 1990, 2, 0.40,0.38,0.57,0.49,0.00,0.00
23 Aug 1990, 3, 0.00,0.00,0.00,0.00,0.00,0.00
24 Aug 1990, 1, 0.00,0.00,0.00,0.00,0.00,0.00
24 Aug 1990, 2, 0.34,0.33,0.50,0.44,0.00,0.00
24 Aug 1990, 3, 0.00,0.00,0.00,0.00,0.00,0.00
25 Aug 1990, 1, 0.00,0.00,0.00,0.00,0.00,0.00
25 Aug 1990, 2, 0.27,0.27,0.41,0.36,0.00,0.00
25 Aug 1990, 3, 0.00,0.00,0.00,0.00,0.00,0.00
26 Aug 1990, 1, 0.00,0.00,0.00,0.00,0.00,0.00
26 Aug 1990, 2, 0.28,0.29,0.44,0.39,0.00,0.00
26 Aug 1990, 3, 0.00,0.00,0.00,0.00,0.00,0.00
27 Aug 1990, 1, 0.00,0.00,0.00,0.00,0.00,0.00
27 Aug 1990, 2, 0.18,0.19,0.29,0.26,0.00,0.00
27 Aug 1990, 3, 0.00,0.00,0.00,0.00,0.00,0.00
28 Aug 1990, 1, 0.00,0.00,0.00,0.00,0.00,0.00
28 Aug 1990, 2, 0.28,0.30,0.46,0.41,0.00,0.00
28 Aug 1990, 3, 0.00,0.00,0.00,0.00,0.00,0.00
29 Aug 1990, 1, 0.00,0.00,0.00,0.00,0.00,0.00
29 Aug 1990, 2, 0.18,0.19,0.31,0.28,0.00,0.00
29 Aug 1990, 3, 0.00,0.00,0.00,0.00,0.00,0.00
30 Aug 1990, 1, 0.00,0.00,0.00,0.00,0.00,0.00
30 Aug 1990, 2, 0.25,0.27,0.43,0.40,0.00,0.00
30 Aug 1990, 3, 0.00,0.00,0.00,0.00,0.00,0.00
31 Aug 1990, 1, 0.00,0.00,0.00,0.00,0.00,0.00
31 Aug 1990, 2, 0.05,0.05,0.08,0.08,0.00,0.00
31 Aug 1990, 3, 0.00,0.00,0.00,0.00,0.00,0.00
 1 Sep 1990, 1, 0.00,0.00,0.00,0.00,0.00,0.00
 1 Sep 1990, 2, 0.23,0.19,0.31,0.29,0.00,0.00
 1 Sep 1990, 3, 0.00,0.00,0.00,0.00,0.00,0.00
 2 Sep 1990, 1, 0.00,0.00,0.00,0.00,0.00,0.00
 2 Sep 1990, 2, 0.32,0.24,0.39,0.37,0.00,0.00
 2 Sep 1990, 3, 0.00,0.00,0.00,0.00,0.00,0.00
 3 Sep 1990, 1, 0.00,0.00,0.00,0.00,0.00,0.00
 3 Sep 1990, 2, 0.32,0.22,0.36,0.34,0.00,0.00
 3 Sep 1990, 3, 0.00,0.00,0.00,0.00,0.00,0.00
 4 Sep 1990, 1, 0.00,0.00,0.00,0.00,0.00,0.00
 4 Sep 1990, 2, 0.36,0.22,0.35,0.34,0.00,0.00
 4 Sep 1990, 3, 0.00,0.00,0.00,0.00,0.00,0.00
 5 Sep 1990, 1, 0.00,0.00,0.00,0.00,0.00,0.00
 5 Sep 1990, 2, 0.35,0.22,0.33,0.33,0.00,0.00
 5 Sep 1990, 3, 0.00,0.00,0.00,0.00,0.00,0.00
 6 Sep 1990, 1, 0.00,0.00,0.00,0.00,0.00,0.00
 6 Sep 1990, 2, 0.31,0.20,0.32,0.32,0.00,0.00
 6 Sep 1990, 3, 0.00,0.00,0.00,0.00,0.00,0.00
 7 Sep 1990, 1, 0.00,0.00,0.00,0.00,0.00,0.00
 7 Sep 1990, 2, 0.28,0.19,0.30,0.31,0.00,0.00
 7 Sep 1990, 3, 0.00,0.00,0.00,0.00,0.00,0.00
 8 Sep 1990, 1, 0.00,0.00,0.00,0.00,0.00,0.00
 8 Sep 1990, 2, 0.25,0.18,0.29,0.30,0.00,0.00
 8 Sep 1990, 3, 0.00,0.00,0.00,0.00,0.00,0.00
 9 Sep 1990, 1, 0.00,0.00,0.00,0.00,0.00,0.00
 9 Sep 1990, 2, 0.23,0.17,0.27,0.28,0.00,0.00
 9 Sep 1990, 3, 0.00,0.00,0.00,0.00,0.00,0.00
10 Sep 1990, 1, 0.00,0.00,0.00,0.00,0.00,0.00
10 Sep 1990, 2, 0.21,0.16,0.26,0.27,0.00,0.00
10 Sep 1990, 3, 0.00,0.00,0.00,0.00,0.00,0.00
11 Sep 1990, 1, 0.00,0.00,0.00,0.00,0.00,0.00
11 Sep 1990, 2, 0.19,0.15,0.24,0.27,0.00,0.00
11 Sep 1990, 3, 0.00,0.00,0.00,0.00,0.00,0.00
12 Sep 1990, 1, 0.00,0.00,0.00,0.00,0.00,0.00
12 Sep 1990, 2, 0.17,0.14,0.23,0.26,0.00,0.00
12 Sep 1990, 3, 0.00,0.00,0.00,0.00,0.00,0.00
13 Sep 1990, 1, 0.00,0.00,0.00,0.00,0.00,0.00
13 Sep 1990, 2, 0.39,0.14,0.22,0.24,0.00,0.00
13 Sep 1990, 3, 0.00,0.00,0.00,0.00,0.00,0.00
14 Sep 1990, 1, 0.00,0.00,0.00,0.00,0.00,0.00
14 Sep 1990, 2, 0.42,0.20,0.18,0.20,0.00,0.00
14 Sep 1990, 3, 0.00,0.00,0.00,0.00,0.00,0.00
15 Sep 1990, 1, 0.00,0.00,0.00,0.00,0.00,0.00
15 Sep 1990, 2, 0.50,0.32,0.21,0.23,0.00,0.00
15 Sep 1990, 3, 0.00,0.00,0.00,0.00,0.00,0.00
16 Sep 1990, 1, 0.00,0.00,0.00,0.00,0.00,0.00
16 Sep 1990, 2, 0.46,0.35,0.20,0.23,0.00,0.00
16 Sep 1990, 3, 0.00,0.00,0.00,0.00,0.00,0.00
17 Sep 1990, 1, 0.00,0.00,0.00,0.00,0.00,0.00
17 Sep 1990, 2, 0.40,0.34,0.20,0.22,0.00,0.00
17 Sep 1990, 3, 0.00,0.00,0.00,0.00,0.00,0.00
18 Sep 1990, 1, 0.00,0.00,0.00,0.00,0.00,0.00
18 Sep 1990, 2, 0.36,0.31,0.19,0.21,0.00,0.00
18 Sep 1990, 3, 0.00,0.00,0.00,0.00,0.00,0.00
19 Sep 1990, 1, 0.00,0.00,0.00,0.00,0.00,0.00
19 Sep 1990, 2, 0.32,0.28,0.18,0.20,0.00,0.00
19 Sep 1990, 3, 0.00,0.00,0.00,0.00,0.00,0.00
20 Sep 1990, 1, 0.00,0.00,0.00,0.00,0.00,0.00
20 Sep 1990, 2, 0.29,0.26,0.18,0.20,0.00,0.00
20 Sep 1990, 3, 0.00,0.00,0.00,0.00,0.00,0.00
21 Sep 1990, 1, 0.00,0.00,0.00,0.00,0.00,0.00
21 Sep 1990, 2, 0.30,0.24,0.17,0.19,0.00,0.00
21 Sep 1990, 3, 0.00,0.00,0.00,0.00,0.00,0.00
22 Sep 1990, 1, 0.00,0.00,0.00,0.00,0.00,0.00
22 Sep 1990, 2, 0.27,0.22,0.16,0.19,0.00,0.00
22 Sep 1990, 3, 0.00,0.00,0.00,0.00,0.00,0.00
23 Sep 1990, 1, 0.00,0.00,0.00,0.00,0.00,0.00
23 Sep 1990, 2, 0.25,0.21,0.16,0.18,0.00,0.00
23 Sep 1990, 3, 0.00,0.00,0.00,0.00,0.00,0.00
24 Sep 1990, 1, 0.00,0.00,0.00,0.00,0.00,0.00
24 Sep 1990, 2, 0.23,0.19,0.15,0.17,0.00,0.00
24 Sep 1990, 3, 0.00,0.00,0.00,0.00,0.00,0.00
25 Sep 1990, 1, 0.00,0.00,0.00,0.00,0.00,0.00
25 Sep 1990, 2, 0.21,0.18,0.14,0.17,0.00,0.00
25 Sep 1990, 3, 0.00,0.00,0.00,0.00,0.00,0.00
26 Sep 1990, 1, 0.00,0.00,0.00,0.00,0.00,0.00
26 Sep 1990, 2, 0.19,0.16,0.14,0.16,0.00,0.00
26 Sep 1990, 3, 0.00,0.00,0.00,0.00,0.00,0.00
27 Sep 1990, 1, 0.00,0.00,0.00,0.00,0.00,0.00
27 Sep 1990, 2, 0.17,0.15,0.13,0.16,0.00,0.00
27 Sep 1990, 3, 0.00,0.00,0.00,0.00,0.00,0.00
28 Sep 1990, 1, 0.00,0.00,0.00,0.00,0.00,0.00
28 Sep 1990, 2, 0.16,0.14,0.13,0.15,0.00,0.00
28 Sep 1990, 3, 0.00,0.00,0.00,0.00,0.00,0.00
29 Sep 1990, 1, 0.00,0.00,0.00,0.00,0.00,0.00
29 Sep 1990, 2, 0.14,0.13,0.12,0.15,0.00,0.00
29 Sep 1990, 3, 0.00,0.00,0.00,0.00,0.00,0.00
30 Sep 1990, 1, 0.00,0.00,0.00,0.00,0.00,0.00
30 Sep 1990, 2, 0.13,0.12,0.12,0.15,0.00,0.00
30 Sep 1990, 3, 0.00,0.00,0.00,0.00,0.00,0.00
 1 Oct 1990, 1, 0.00,0.00,0.00,0.00,0.00,0.00
 1 Oct 1990, 2, 0.12,0.11,0.11,0.14,0.00,0.00
 1 Oct 1990, 3, 0.00,0.00,0.00,0.00,0.00,0.00
 2 Oct 1990, 1, 0.00,0.00,0.00,0.00,0.00,0.00
 2 Oct 1990, 2, 0.11,0.10,0.11,0.14,0.00,0.00
 2 Oct 1990, 3, 0.00,0.00,0.00,0.00,0.00,0.00
 3 Oct 1990, 1, 0.00,0.00,0.00,0.00,0.00,0.00
 3 Oct 1990, 2, 0.10,0.10,0.10,0.13,0.00,0.00
 3 Oct 1990, 3, 0.00,0.00,0.00,0.00,0.00,0.00
 4 Oct 1990, 1, 0.00,0.00,0.00,0.00,0.00,0.00
 4 Oct 1990, 2, 0.09,0.09,0.10,0.13,0.00,0.00
 4 Oct 1990, 3, 0.00,0.00,0.00,0.00,0.00,0.00
 5 Oct 1990, 1, 0.00,0.00,0.00,0.00,0.00,0.00
 5 Oct 1990, 2, 0.08,0.08,0.09,0.13,0.00,0.00
 5 Oct 1990, 3, 0.00,0.00,0.00,0.00,0.00,0.00
 6 Oct 1990, 1, 0.00,0.00,0.00,0.00,0.00,0.00
 6 Oct 1990, 2, 0.07,0.08,0.09,0.12,0.00,0.00
 6 Oct 1990, 3, 0.00,0.00,0.00,0.00,0.00,0.00
 7 Oct 1990, 1, 0.00,0.00,0.00,0.00,0.00,0.00
 7 Oct 1990, 2, 0.07,0.07,0.09,0.12,0.00,0.00
 7 Oct 1990, 3, 0.00,0.00,0.00,0.00,0.00,0.00
 8 Oct 1990, 1, 0.00,0.00,0.00,0.00,0.00,0.00
 8 Oct 1990, 2, 0.06,0.06,0.08,0.12,0.00,0.00
 8 Oct 1990, 3, 0.00,0.00,0.00,0.00,0.00,0.00
 9 Oct 1990, 1, 0.00,0.00,0.00,0.00,0.00,0.00
 9 Oct 1990, 2, 0.22,0.06,0.08,0.11,0.00,0.00
 9 Oct 1990, 3, 0.00,0.00,0.00,0.00,0.00,0.00
10 Oct 1990, 1, 0.00,0.00,0.00,0.00,0.00,0.00
10 Oct 1990, 2, 0.27,0.06,0.08,0.11,0.00,0.00
10 Oct 1990, 3, 0.00,0.00,0.00,0.00,0.00,0.00
11 Oct 1990, 1, 0.00,0.00,0.00,0.00,0.00,0.00
11 Oct 1990, 2, 0.42,0.09,0.07,0.11,0.00,0.00
11 Oct 1990, 3, 0.00,0.00,0.00,0.00,0.00,0.00
12 Oct 1990, 1, 0.00,0.00,0.00,0.00,0.00,0.00
12 Oct 1990, 2, 0.47,0.16,0.07,0.10,0.00,0.00
12 Oct 1990, 3, 0.00,0.00,0.00,0.00,0.00,0.00
13 Oct 1990, 1, 0.00,0.00,0.00,0.00,0.00,0.00
13 Oct 1990, 2, 0.44,0.21,0.07,0.10,0.00,0.00
13 Oct 1990, 3, 0.00,0.00,0.00,0.00,0.00,0.00
14 Oct 1990, 1, 0.00,0.00,0.00,0.00,0.00,0.00
14 Oct 1990, 2, 0.38,0.21,0.07,0.10,0.00,0.00
14 Oct 1990, 3, 0.00,0.00,0.00,0.00,0.00,0.00
15 Oct 1990, 1, 0.00,0.00,0.00,0.00,0.00,0.00
15 Oct 1990, 2, 0.34,0.20,0.07,0.10,0.00,0.00
15 Oct 1990, 3, 0.00,0.00,0.00,0.00,0.00,0.00
16 Oct 1990, 1, 0.00,0.00,0.00,0.00,0.00,0.00
16 Oct 1990, 2, 0.31,0.18,0.07,0.09,0.00,0.00
16 Oct 1990, 3, 0.00,0.00,0.00,0.00,0.00,0.00
17 Oct 1990, 1, 0.00,0.00,0.00,0.00,0.00,0.00
17 Oct 1990, 2, 0.28,0.17,0.06,0.09,0.00,0.00
17 Oct 1990, 3, 0.00,0.00,0.00,0.00,0.00,0.00
18 Oct 1990, 1, 0.00,0.00,0.00,0.00,0.00,0.00
18 Oct 1990, 2, 0.25,0.16,0.06,0.09,0.00,0.00
18 Oct 1990, 3, 0.00,0.00,0.00,0.00,0.00,0.00
19 Oct 1990, 1, 0.00,0.00,0.00,0.00,0.00,0.00
19 Oct 1990, 2, 0.22,0.15,0.06,0.09,0.00,0.00
19 Oct 1990, 3, 0.00,0.00,0.00,0.00,0.00,0.00
20 Oct 1990, 1, 0.00,0.00,0.00,0.00,0.00,0.00
20 Oct 1990, 2, 0.52,0.24,0.06,0.08,0.00,0.00
20 Oct 1990, 3, 0.00,0.00,0.00,0.00,0.00,0.00
21 Oct 1990, 1, 0.00,0.00,0.00,0.00,0.00,0.00
21 Oct 1990, 2, 0.58,0.39,0.07,0.08,0.00,0.00
21 Oct 1990, 3, 0.00,0.00,0.00,0.00,0.00,0.00
22 Oct 1990, 1, 0.00,0.00,0.00,0.00,0.00,0.00
22 Oct 1990, 2, 0.70,0.49,0.14,0.08,0.00,0.00
22 Oct 1990, 3, 0.00,0.00,0.00,0.00,0.00,0.00
23 Oct 1990, 1, 0.00,0.00,0.00,0.00,0.00,0.00
23 Oct 1990, 2, 0.66,0.53,0.23,0.08,0.00,0.00
23 Oct 1990, 3, 0.00,0.00,0.00,0.00,0.00,0.00
24 Oct 1990, 1, 0.00,0.00,0.00,0.00,0.00,0.00
24 Oct 1990, 2, 0.56,0.51,0.31,0.08,0.00,0.00
24 Oct 1990, 3, 0.00,0.00,0.00,0.00,0.00,0.00
25 Oct 1990, 1, 0.00,0.00,0.00,0.00,0.00,0.00
25 Oct 1990, 2, 0.44,0.46,0.35,0.08,0.00,0.00
25 Oct 1990, 3, 0.00,0.00,0.00,0.00,0.00,0.00
26 Oct 1990, 1, 0.00,0.00,0.00,0.00,0.00,0.00
26 Oct 1990, 2, 0.39,0.41,0.35,0.08,0.00,0.00
26 Oct 1990, 3, 0.00,0.00,0.00,0.00,0.00,0.00
27 Oct 1990, 1, 0.00,0.00,0.00,0.00,0.00,0.00
27 Oct 1990, 2, 0.35,0.38,0.33,0.07,0.00,0.00
27 Oct 1990, 3, 0.00,0.00,0.00,0.00,0.00,0.00
28 Oct 1990, 1, 0.00,0.00,0.00,0.00,0.00,0.00
28 Oct 1990, 2, 0.32,0.34,0.32,0.07,0.00,0.00
28 Oct 1990, 3, 0.00,0.00,0.00,0.00,0.00,0.00
29 Oct 1990, 1, 0.00,0.00,0.00,0.00,0.00,0.00
29 Oct 1990, 2, 0.29,0.31,0.30,0.07,0.00,0.00
29 Oct 1990, 3, 0.00,0.00,0.00,0.00,0.00,0.00
30 Oct 1990, 1, 0.00,0.00,0.00,0.00,0.00,0.00
30 Oct 1990, 2, 0.27,0.29,0.28,0.07,0.00,0.00
30 Oct 1990, 3, 0.00,0.00,0.00,0.00,0.00,0.00
31 Oct 1990, 1, 0.00,0.00,0.00,0.00,0.00,0.00
31 Oct 1990, 2, 0.24,0.26,0.27,0.07,0.00,0.00
31 Oct 1990, 3, 0.00,0.00,0.00,0.00,0.00,0.00
 1 Nov 1990, 1, 0.00,0.00,0.00,0.00,0.00,0.00
 1 Nov 1990, 2, 0.22,0.24,0.25,0.07,0.00,0.00
 1 Nov 1990, 3, 0.00,0.00,0.00,0.00,0.00,0.00
 2 Nov 1990, 1, 0.00,0.00,0.00,0.00,0.00,0.00
 2 Nov 1990, 2, 0.20,0.22,0.24,0.07,0.00,0.00
 2 Nov 1990, 3, 0.00,0.00,0.00,0.00,0.00,0.00
 3 Nov 1990, 1, 0.00,0.00,0.00,0.00,0.00,0.00
 3 Nov 1990, 2, 0.18,0.21,0.22,0.07,0.00,0.00
 3 Nov 1990, 3, 0.00,0.00,0.00,0.00,0.00,0.00
 4 Nov 1990, 1, 0.00,0.00,0.00,0.00,0.00,0.00
 4 Nov 1990, 2, 0.17,0.19,0.21,0.06,0.00,0.00
 4 Nov 1990, 3, 0.00,0.00,0.00,0.00,0.00,0.00
 5 Nov 1990, 1, 0.00,0.00,0.00,0.00,0.00,0.00
 5 Nov 1990, 2, 0.39,0.18,0.20,0.06,0.00,0.00
 5 Nov 1990, 3, 0.00,0.00,0.00,0.00,0.00,0.00
 6 Nov 1990, 1, 0.00,0.00,0.00,0.00,0.00,0.00
 6 Nov 1990, 2, 0.42,0.21,0.19,0.06,0.00,0.00
 6 Nov 1990, 3, 0.00,0.00,0.00,0.00,0.00,0.00
 7 Nov 1990, 1, 0.00,0.00,0.00,0.00,0.00,0.00
 7 Nov 1990, 2, 0.38,0.20,0.18,0.06,0.00,0.00
 7 Nov 1990, 3, 0.00,0.00,0.00,0.00,0.00,0.00
 8 Nov 1990, 1, 0.00,0.00,0.00,0.00,0.00,0.00
 8 Nov 1990, 2, 0.34,0.19,0.17,0.06,0.00,0.00
 8 Nov 1990, 3, 0.00,0.00,0.00,0.00,0.00,0.00
 9 Nov 1990, 1, 0.00,0.00,0.00,0.00,0.00,0.00
 9 Nov 1990, 2, 0.30,0.18,0.16,0.06,0.00,0.00
 9 Nov 1990, 3, 0.00,0.00,0.00,0.00,0.00,0.00
10 Nov 1990, 1, 0.00,0.00,0.00,0.00,0.00,0.00
10 Nov 1990, 2, 0.28,0.17,0.15,0.06,0.00,0.00
10 Nov 1990, 3, 0.00,0.00,0.00,0.00,0.00,0.00
11 Nov 1990, 1, 0.00,0.00,0.00,0.00,0.00,0.00
11 Nov 1990, 2, 0.26,0.16,0.14,0.06,0.00,0.00
11 Nov 1990, 3, 0.00,0.00,0.00,0.00,0.00,0.00
12 Nov 1990, 1, 0.00,0.00,0.00,0.00,0.00,0.00
12 Nov 1990, 2, 0.24,0.15,0.14,0.05,0.00,0.00
12 Nov 1990, 3, 0.00,0.00,0.00,0.00,0.00,0.00
13 Nov 1990, 1, 0.00,0.00,0.00,0.00,0.00,0.00
13 Nov 1990, 2, 0.22,0.14,0.13,0.05,0.00,0.00
13 Nov 1990, 3, 0.00,0.00,0.00,0.00,0.00,0.00
14 Nov 1990, 1, 0.00,0.00,0.00,0.00,0.00,0.00
14 Nov 1990, 2, 0.19,0.13,0.12,0.05,0.00,0.00
14 Nov 1990, 3, 0.00,0.00,0.00,0.00,0.00,0.00
15 Nov 1990, 1, 0.00,0.00,0.00,0.00,0.00,0.00
15 Nov 1990, 2, 0.18,0.12,0.12,0.05,0.00,0.00
15 Nov 1990, 3, 0.00,0.00,0.00,0.00,0.00,0.00
16 Nov 1990, 1, 0.00,0.00,0.00,0.00,0.00,0.00
16 Nov 1990, 2, 0.16,0.11,0.11,0.05,0.00,0.00
16 Nov 1990, 3, 0.00,0.00,0.00,0.00,0.00,0.00
17 Nov 1990, 1, 0.00,0.00,0.00,0.00,0.00,0.00
17 Nov 1990, 2, 0.15,0.11,0.11,0.05,0.00,0.00
17 Nov 1990, 3, 0.00,0.00,0.00,0.00,0.00,0.00
18 Nov 1990, 1, 0.00,0.00,0.00,0.00,0.00,0.00
18 Nov 1990, 2, 0.14,0.10,0.10,0.05,0.00,0.00
18 Nov 1990, 3, 0.00,0.00,0.00,0.00,0.00,0.00
19 Nov 1990, 1, 0.00,0.00,0.00,0.00,0.00,0.00
19 Nov 1990, 2, 0.12,0.09,0.10,0.05,0.00,0.00
19 Nov 1990, 3, 0.00,0.00,0.00,0.00,0.00,0.00
20 Nov 1990, 1, 0.00,0.00,0.00,0.00,0.00,0.00
20 Nov 1990, 2, 0.11,0.09,0.09,0.05,0.00,0.00
20 Nov 1990, 3, 0.00,0.00,0.00,0.00,0.00,0.00
21 Nov 1990, 1, 0.00,0.00,0.00,0.00,0.00,0.00
21 Nov 1990, 2, 0.10,0.08,0.09,0.05,0.00,0.00
21 Nov 1990, 3, 0.00,0.00,0.00,0.00,0.00,0.00
22 Nov 1990, 1, 0.00,0.00,0.00,0.00,0.00,0.00
22 Nov 1990, 2, 0.09,0.07,0.08,0.04,0.00,0.00
22 Nov 1990, 3, 0.00,0.00,0.00,0.00,0.00,0.00
23 Nov 1990, 1, 0.00,0.00,0.00,0.00,0.00,0.00
23 Nov 1990, 2, 0.08,0.07,0.08,0.04,0.00,0.00
23 Nov 1990, 3, 0.00,0.00,0.00,0.00,0.00,0.00
24 Nov 1990, 1, 0.00,0.00,0.00,0.00,0.00,0.00
24 Nov 1990, 2, 0.07,0.06,0.07,0.04,0.00,0.00
24 Nov 1990, 3, 0.00,0.00,0.00,0.00,0.00,0.00
25 Nov 1990, 1, 0.00,0.00,0.00,0.00,0.00,0.00
25 Nov 1990, 2, 0.06,0.06,0.07,0.04,0.00,0.00
25 Nov 1990, 3, 0.00,0.00,0.00,0.00,0.00,0.00
26 Nov 1990, 1, 0.00,0.00,0.00,0.00,0.00,0.00
26 Nov 1990, 2, 0.05,0.05,0.07,0.04,0.00,0.00
26 Nov 1990, 3, 0.00,0.00,0.00,0.00,0.00,0.00
27 Nov 1990, 1, 0.00,0.00,0.00,0.00,0.00,0.00
27 Nov 1990, 2, 0.04,0.05,0.06,0.04,0.00,0.00
27 Nov 1990, 3, 0.00,0.00,0.00,0.00,0.00,0.00
28 Nov 1990, 1, 0.00,0.00,0.00,0.00,0.00,0.00
28 Nov 1990, 2, 0.03,0.05,0.06,0.04,0.00,0.00
28 Nov 1990, 3, 0.00,0.00,0.00,0.00,0.00,0.00
29 Nov 1990, 1, 0.00,0.00,0.00,0.00,0.00,0.00
29 Nov 1990, 2, 0.02,0.04,0.06,0.04,0.00,0.00
29 Nov 1990, 3, 0.00,0.00,0.00,0.00,0.00,0.00
30 Nov 1990, 1, 0.00,0.00,0.00,0.00,0.00,0.00
30 Nov 1990, 2, 0.02,0.04,0.06,0.04,0.00,0.00
30 Nov 1990, 3, 0.00,0.00,0.00,0.00,0.00,0.00
 1 Dec 1990, 1, 0.00,0.00,0.00,0.00,0.00,0.00
 1 Dec 1990, 2, 0.01,0.04,0.05,0.04,0.00,0.00
 1 Dec 1990, 3, 0.00,0.00,0.00,0.00,0.00,0.00
 2 Dec 1990, 1, 0.00,0.00,0.00,0.00,0.00,0.00
 2 Dec 1990, 2, 0.00,0.03,0.05,0.04,0.00,0.00
 2 Dec 1990, 3, 0.00,0.00,0.00,0.00,0.00,0.00
 3 Dec 1990, 1, 0.00,0.00,0.00,0.00,0.00,0.00
 3 Dec 1990, 2, 0.00,0.03,0.05,0.04,0.00,0.00
 3 Dec 1990, 3, 0.00,0.00,0.00,0.00,0.00,0.00
 4 Dec 1990, 1, 0.00,0.00,0.00,0.00,0.00,0.00
 4 Dec 1990, 2, 0.41,0.04,0.05,0.04,0.00,0.00
 4 Dec 1990, 3, 0.00,0.00,0.00,0.00,0.00,0.00
 5 Dec 1990, 1, 0.00,0.00,0.00,0.00,0.00,0.00
 5 Dec 1990, 2, 0.50,0.13,0.05,0.03,0.00,0.00
 5 Dec 1990, 3, 0.00,0.00,0.00,0.00,0.00,0.00
 6 Dec 1990, 1, 0.00,0.00,0.00,0.00,0.00,0.00
 6 Dec 1990, 2, 0.46,0.20,0.05,0.03,0.00,0.00
 6 Dec 1990, 3, 0.00,0.00,0.00,0.00,0.00,0.00
 7 Dec 1990, 1, 0.00,0.00,0.00,0.00,0.00,0.00
 7 Dec 1990, 2, 0.39,0.21,0.05,0.03,0.00,0.00
 7 Dec 1990, 3, 0.00,0.00,0.00,0.00,0.00,0.00
 8 Dec 1990, 1, 0.00,0.00,0.00,0.00,0.00,0.00
 8 Dec 1990, 2, 0.34,0.19,0.05,0.03,0.00,0.00
 8 Dec 1990, 3, 0.00,0.00,0.00,0.00,0.00,0.00
 9 Dec 1990, 1, 0.00,0.00,0.00,0.00,0.00,0.00
 9 Dec 1990, 2, 0.30,0.18,0.05,0.03,0.00,0.00
 9 Dec 1990, 3, 0.00,0.00,0.00,0.00,0.00,0.00
10 Dec 1990, 1, 0.00,0.00,0.00,0.00,0.00,0.00
10 Dec 1990, 2, 0.27,0.17,0.04,0.03,0.00,0.00
10 Dec 1990, 3, 0.00,0.00,0.00,0.00,0.00,0.00
11 Dec 1990, 1, 0.00,0.00,0.00,0.00,0.00,0.00
11 Dec 1990, 2, 0.47,0.22,0.05,0.03,0.00,0.00
11 Dec 1990, 3, 0.00,0.00,0.00,0.00,0.00,0.00
12 Dec 1990, 1, 0.00,0.00,0.00,0.00,0.00,0.00
12 Dec 1990, 2, 0.49,0.29,0.05,0.03,0.00,0.00
12 Dec 1990, 3, 0.00,0.00,0.00,0.00,0.00,0.00
13 Dec 1990, 1, 0.00,0.00,0.00,0.00,0.00,0.00
13 Dec 1990, 2, 0.42,0.31,0.05,0.03,0.00,0.00
13 Dec 1990, 3, 0.00,0.00,0.00,0.00,0.00,0.00
14 Dec 1990, 1, 0.00,0.00,0.00,0.00,0.00,0.00
14 Dec 1990, 2, 0.38,0.29,0.05,0.03,0.00,0.00
14 Dec 1990, 3, 0.00,0.00,0.00,0.00,0.00,0.00
15 Dec 1990, 1, 0.00,0.00,0.00,0.00,0.00,0.00
15 Dec 1990, 2, 0.33,0.27,0.05,0.03,0.00,0.00
15 Dec 1990, 3, 0.00,0.00,0.00,0.00,0.00,0.00
16 Dec 1990, 1, 0.00,0.00,0.00,0.00,0.00,0.00
16 Dec 1990, 2, 0.30,0.24,0.05,0.03,0.00,0.00
16 Dec 1990, 3, 0.00,0.00,0.00,0.00,0.00,0.00
17 Dec 1990, 1, 0.00,0.00,0.00,0.00,0.00,0.00
17 Dec 1990, 2, 0.27,0.23,0.05,0.03,0.00,0.00
17 Dec 1990, 3, 0.00,0.00,0.00,0.00,0.00,0.00
18 Dec 1990, 1, 0.00,0.00,0.00,0.00,0.00,0.00
18 Dec 1990, 2, 0.24,0.21,0.05,0.03,0.00,0.00
18 Dec 1990, 3, 0.00,0.00,0.00,0.00,0.00,0.00
19 Dec 1990, 1, 0.00,0.00,0.00,0.00,0.00,0.00
19 Dec 1990, 2, 0.22,0.19,0.05,0.03,0.00,0.00
19 Dec 1990, 3, 0.00,0.00,0.00,0.00,0.00,0.00
20 Dec 1990, 1, 0.00,0.00,0.00,0.00,0.00,0.00
20 Dec 1990, 2, 0.20,0.18,0.05,0.03,0.00,0.00
20 Dec 1990, 3, 0.00,0.00,0.00,0.00,0.00,0.00
21 Dec 1990, 1, 0.00,0.00,0.00,0.00,0.00,0.00
21 Dec 1990, 2, 0.18,0.16,0.05,0.03,0.00,0.00
21 Dec 1990, 3, 0.00,0.00,0.00,0.00,0.00,0.00
22 Dec 1990, 1, 0.00,0.00,0.00,0.00,0.00,0.00
22 Dec 1990, 2, 0.16,0.15,0.05,0.03,0.00,0.00
22 Dec 1990, 3, 0.00,0.00,0.00,0.00,0.00,0.00
23 Dec 1990, 1, 0.00,0.00,0.00,0.00,0.00,0.00
23 Dec 1990, 2, 0.14,0.14,0.05,0.03,0.00,0.00
23 Dec 1990, 3, 0.00,0.00,0.00,0.00,0.00,0.00
24 Dec 1990, 1, 0.00,0.00,0.00,0.00,0.00,0.00
24 Dec 1990, 2, 0.13,0.13,0.05,0.03,0.00,0.00
24 Dec 1990, 3, 0.00,0.00,0.00,0.00,0.00,0.00
25 Dec 1990, 1, 0.00,0.00,0.00,0.00,0.00,0.00
25 Dec 1990, 2, 0.11,0.11,0.04,0.02,0.00,0.00
25 Dec 1990, 3, 0.00,0.00,0.00,0.00,0.00,0.00
26 Dec 1990, 1, 0.00,0.00,0.00,0.00,0.00,0.00
26 Dec 1990, 2, 0.00,0.00,0.00,0.00,0.00,0.00
26 Dec 1990, 3, 0.10,0.11,0.04,0.02,0.00,0.00
27 Dec 1990, 1, 0.00,0.00,0.00,0.00,0.00,0.00
27 Dec 1990, 2, 0.00,0.00,0.00,0.00,0.00,0.00
27 Dec 1990, 3, 0.08,0.10,0.04,0.02,0.00,0.00
28 Dec 1990, 1, 0.00,0.00,0.00,0.00,0.00,0.00
28 Dec 1990, 2, 0.00,0.00,0.00,0.00,0.00,0.00
28 Dec 1990, 3, 0.07,0.09,0.04,0.02,0.00,0.00
29 Dec 1990, 1, 0.00,0.00,0.00,0.00,0.00,0.00
29 Dec 1990, 2, 0.00,0.00,0.00,0.00,0.00,0.00
29 Dec 1990, 3, 0.06,0.08,0.04,0.02,0.00,0.00
30 Dec 1990, 1, 0.00,0.00,0.00,0.00,0.00,0.00
30 Dec 1990, 2, 0.00,0.00,0.00,0.00,0.00,0.00
30 Dec 1990, 3, 0.05,0.07,0.04,0.02,0.00,0.00
31 Dec 1990, 1, 0.00,0.00,0.00,0.00,0.00,0.00
31 Dec 1990, 2, 0.00,0.00,0.00,0.00,0.00,0.00
31 Dec 1990, 3, 0.04,0.07,0.04,0.02,0.00,0.00
 1 Jan 1991, 1, 0.00,0.00,0.00,0.00,0.00,0.00
 1 Jan 1991, 2, 0.00,0.00,0.00,0.00,0.00,0.00
 1 Jan 1991, 3, 0.03,0.06,0.04,0.02,0.00,0.00
 2 Jan 1991, 1, 0.00,0.00,0.00,0.00,0.00,0.00
 2 Jan 1991, 2, 0.00,0.00,0.00,0.00,0.00,0.00
 2 Jan 1991, 3, 0.02,0.06,0.04,0.02,0.00,0.00
 3 Jan 1991, 1, 0.00,0.00,0.00,0.00,0.00,0.00
 3 Jan 1991, 2, 0.00,0.00,0.00,0.00,0.00,0.00
 3 Jan 1991, 3, 0.01,0.05,0.03,0.02,0.00,0.00
 4 Jan 1991, 1, 0.00,0.00,0.00,0.00,0.00,0.00
 4 Jan 1991, 2, 0.00,0.00,0.00,0.00,0.00,0.00
 4 Jan 1991, 3, 0.01,0.05,0.03,0.02,0.00,0.00
 5 Jan 1991, 1, 0.00,0.00,0.00,0.00,0.00,0.00
 5 Jan 1991, 2, 0.00,0.00,0.00,0.00,0.00,0.00
 5 Jan 1991, 3, 0.00,0.04,0.03,0.02,0.00,0.00
 6 Jan 1991, 1, 0.00,0.00,0.00,0.00,0.00,0.00
 6 Jan 1991, 2, 0.00,0.00,0.00,0.00,0.00,0.00
 6 Jan 1991, 3, 0.22,0.07,0.01,0.01,0.00,0.00
 7 Jan 1991, 1, 0.00,0.00,0.00,0.00,0.00,0.00
 7 Jan 1991, 2, 0.00,0.00,0.00,0.00,0.00,0.00
 7 Jan 1991, 3, 0.45,0.25,0.02,0.01,0.00,0.00
 8 Jan 1991, 1, 0.00,0.00,0.00,0.00,0.00,0.00
 8 Jan 1991, 2, 0.00,0.00,0.00,0.00,0.00,0.00
 8 Jan 1991, 3, 0.29,0.21,0.05,0.01,0.00,0.00
 9 Jan 1991, 1, 0.00,0.00,0.00,0.00,0.00,0.00
 9 Jan 1991, 2, 0.00,0.00,0.00,0.00,0.00,0.00
 9 Jan 1991, 3, 0.30,0.26,0.10,0.01,0.00,0.00
10 Jan 1991, 1, 0.00,0.00,0.00,0.00,0.00,0.00
10 Jan 1991, 2, 0.00,0.00,0.00,0.00,0.00,0.00
10 Jan 1991, 3, 0.25,0.26,0.15,0.01,0.00,0.00
11 Jan 1991, 1, 0.00,0.00,0.00,0.00,0.00,0.00
11 Jan 1991, 2, 0.00,0.00,0.00,0.00,0.00,0.00
11 Jan 1991, 3, 0.29,0.32,0.23,0.02,0.00,0.00
12 Jan 1991, 1, 0.00,0.00,0.00,0.00,0.00,0.00
12 Jan 1991, 2, 0.00,0.00,0.00,0.00,0.00,0.00
12 Jan 1991, 3, 0.16,0.18,0.14,0.01,0.00,0.00
13 Jan 1991, 1, 0.00,0.00,0.00,0.00,0.00,0.00
13 Jan 1991, 2, 0.00,0.00,0.00,0.00,0.00,0.00
13 Jan 1991, 3, 0.13,0.14,0.12,0.01,0.00,0.00
14 Jan 1991, 1, 0.00,0.00,0.00,0.00,0.00,0.00
14 Jan 1991, 2, 0.00,0.00,0.00,0.00,0.00,0.00
14 Jan 1991, 3, 0.14,0.15,0.13,0.01,0.00,0.00
15 Jan 1991, 1, 0.00,0.00,0.00,0.00,0.00,0.00
15 Jan 1991, 2, 0.00,0.00,0.00,0.00,0.00,0.00
15 Jan 1991, 3, 0.10,0.10,0.09,0.01,0.00,0.00
16 Jan 1991, 1, 0.00,0.00,0.00,0.00,0.00,0.00
16 Jan 1991, 2, 0.00,0.00,0.00,0.00,0.00,0.00
16 Jan 1991, 3, 0.09,0.09,0.09,0.01,0.00,0.00
17 Jan 1991, 1, 0.00,0.00,0.00,0.00,0.00,0.00
17 Jan 1991, 2, 0.00,0.00,0.00,0.00,0.00,0.00
17 Jan 1991, 3, 0.04,0.05,0.04,0.00,0.00,0.00
18 Jan 1991, 1, 0.00,0.00,0.00,0.00,0.00,0.00
18 Jan 1991, 2, 0.00,0.00,0.00,0.00,0.00,0.00
18 Jan 1991, 3, 0.06,0.07,0.07,0.01,0.00,0.00
19 Jan 1991, 1, 0.00,0.00,0.00,0.00,0.00,0.00
19 Jan 1991, 2, 0.00,0.00,0.00,0.00,0.00,0.00
19 Jan 1991, 3, 0.08,0.08,0.08,0.01,0.00,0.00
20 Jan 1991, 1, 0.00,0.00,0.00,0.00,0.00,0.00
20 Jan 1991, 2, 0.00,0.00,0.00,0.00,0.00,0.00
20 Jan 1991, 3, 0.08,0.09,0.09,0.01,0.00,0.00
21 Jan 1991, 1, 0.00,0.00,0.00,0.00,0.00,0.00
21 Jan 1991, 2, 0.00,0.00,0.00,0.00,0.00,0.00
21 Jan 1991, 3, 0.04,0.04,0.04,0.00,0.00,0.00
22 Jan 1991, 1, 0.00,0.00,0.00,0.00,0.00,0.00
22 Jan 1991, 2, 0.00,0.00,0.00,0.00,0.00,0.00
22 Jan 1991, 3, 0.03,0.02,0.02,0.00,0.00,0.00
23 Jan 1991, 1, 0.00,0.00,0.00,0.00,0.00,0.00
23 Jan 1991, 2, 0.00,0.00,0.00,0.00,0.00,0.00
23 Jan 1991, 3, 0.01,0.01,0.00,0.00,0.00,0.00
24 Jan 1991, 1, 0.00,0.00,0.00,0.00,0.00,0.00
24 Jan 1991, 2, 0.00,0.00,0.00,0.00,0.00,0.00
24 Jan 1991, 3, 0.02,0.01,0.01,0.00,0.00,0.00
25 Jan 1991, 1, 0.00,0.00,0.00,0.00,0.00,0.00
25 Jan 1991, 2, 0.00,0.00,0.00,0.00,0.00,0.00
25 Jan 1991, 3, 0.03,0.02,0.02,0.00,0.00,0.00
26 Jan 1991, 1, 0.00,0.00,0.00,0.00,0.00,0.00
26 Jan 1991, 2, 0.00,0.00,0.00,0.00,0.00,0.00
26 Jan 1991, 3, 0.03,0.03,0.03,0.00,0.00,0.00
27 Jan 1991, 1, 0.00,0.00,0.00,0.00,0.00,0.00
27 Jan 1991, 2, 0.00,0.00,0.00,0.00,0.00,0.00
27 Jan 1991, 3, 0.02,0.02,0.02,0.00,0.00,0.00
28 Jan 1991, 1, 0.00,0.00,0.00,0.00,0.00,0.00
28 Jan 1991, 2, 0.00,0.00,0.00,0.00,0.00,0.00
28 Jan 1991, 3, 0.02,0.02,0.02,0.01,0.00,0.00
29 Jan 1991, 1, 0.00,0.00,0.00,0.00,0.00,0.00
29 Jan 1991, 2, 0.00,0.00,0.00,0.00,0.00,0.00
29 Jan 1991, 3, 0.01,0.01,0.02,0.01,0.00,0.00
30 Jan 1991, 1, 0.00,0.00,0.00,0.00,0.00,0.00
30 Jan 1991, 2, 0.00,0.00,0.00,0.00,0.00,0.00
30 Jan 1991, 3, 0.01,0.01,0.01,0.01,0.00,0.00
31 Jan 1991, 1, 0.00,0.00,0.00,0.00,0.00,0.00
31 Jan 1991, 2, 0.00,0.00,0.00,0.00,0.00,0.00
31 Jan 1991, 3, 0.01,0.01,0.02,0.01,0.00,0.00
 1 Feb 1991, 1, 0.00,0.00,0.00,0.00,0.00,0.00
 1 Feb 1991, 2, 0.00,0.00,0.00,0.00,0.00,0.00
 1 Feb 1991, 3, 0.01,0.01,0.02,0.01,0.00,0.00
 2 Feb 1991, 1, 0.00,0.00,0.00,0.00,0.00,0.00
 2 Feb 1991, 2, 0.00,0.00,0.00,0.00,0.00,0.00
 2 Feb 1991, 3, 0.01,0.01,0.01,0.01,0.00,0.00
 3 Feb 1991, 1, 0.00,0.00,0.00,0.00,0.00,0.00
 3 Feb 1991, 2, 0.00,0.00,0.00,0.00,0.00,0.00
 3 Feb 1991, 3, 0.01,0.01,0.01,0.01,0.00,0.00
 4 Feb 1991, 1, 0.00,0.00,0.00,0.00,0.00,0.00
 4 Feb 1991, 2, 0.00,0.00,0.00,0.00,0.00,0.00
 4 Feb 1991, 3, 0.01,0.01,0.01,0.01,0.00,0.00
 5 Feb 1991, 1, 0.00,0.00,0.00,0.00,0.00,0.00
 5 Feb 1991, 2, 0.00,0.00,0.00,0.00,0.00,0.00
 5 Feb 1991, 3, 0.01,0.01,0.01,0.01,0.00,0.00
 6 Feb 1991, 1, 0.00,0.00,0.00,0.00,0.00,0.00
 6 Feb 1991, 2, 0.00,0.00,0.00,0.00,0.00,0.00
 6 Feb 1991, 3, 0.00,0.00,0.01,0.00,0.00,0.00
 7 Feb 1991, 1, 0.00,0.00,0.00,0.00,0.00,0.00
 7 Feb 1991, 2, 0.00,0.00,0.00,0.00,0.00,0.00
 7 Feb 1991, 3, 0.00,0.00,0.00,0.00,0.00,0.00
 8 Feb 1991, 1, 0.00,0.00,0.00,0.00,0.00,0.00
 8 Feb 1991, 2, 0.00,0.00,0.00,0.00,0.00,0.00
 8 Feb 1991, 3, 0.00,0.00,0.00,0.00,0.00,0.00
 9 Feb 1991, 1, 0.00,0.00,0.00,0.00,0.00,0.00
 9 Feb 1991, 2, 0.00,0.00,0.00,0.00,0.00,0.00
 9 Feb 1991, 3, 0.00,0.00,0.01,0.01,0.00,0.00
10 Feb 1991, 1, 0.00,0.00,0.00,0.00,0.00,0.00
10 Feb 1991, 2, 0.00,0.00,0.00,0.00,0.00,0.00
10 Feb 1991, 3, 0.00,0.00,0.00,0.00,0.00,0.00
11 Feb 1991, 1, 0.00,0.00,0.00,0.00,0.00,0.00
11 Feb 1991, 2, 0.00,0.00,0.00,0.00,0.00,0.00
11 Feb 1991, 3, 0.00,0.00,0.00,0.00,0.00,0.00
12 Feb 1991, 1, 0.00,0.00,0.00,0.00,0.00,0.00
12 Feb 1991, 2, 0.00,0.00,0.00,0.00,0.00,0.00
12 Feb 1991, 3, 0.00,0.00,0.00,0.00,0.00,0.00
13 Feb 1991, 1, 0.00,0.00,0.00,0.00,0.00,0.00
13 Feb 1991, 2, 0.00,0.00,0.00,0.00,0.00,0.00
13 Feb 1991, 3, 0.00,0.00,0.00,0.00,0.00,0.00
14 Feb 1991, 1, 0.00,0.00,0.00,0.00,0.00,0.00
14 Feb 1991, 2, 0.00,0.00,0.00,0.00,0.00,0.00
14 Feb 1991, 3, 0.00,0.00,0.00,0.00,0.00,0.00
15 Feb 1991, 1, 0.00,0.00,0.00,0.00,0.00,0.00
15 Feb 1991, 2, 0.00,0.00,0.00,0.00,0.00,0.00
15 Feb 1991, 3, 0.00,0.00,0.00,0.00,0.00,0.00
16 Feb 1991, 1, 0.00,0.00,0.00,0.00,0.00,0.00
16 Feb 1991, 2, 0.00,0.00,0.00,0.00,0.00,0.00
16 Feb 1991, 3, 0.00,0.00,0.00,0.00,0.00,0.00
17 Feb 1991, 1, 0.00,0.00,0.00,0.00,0.00,0.00
17 Feb 1991, 2, 0.00,0.00,0.00,0.00,0.00,0.00
17 Feb 1991, 3, 0.00,0.00,0.00,0.00,0.00,0.00
18 Feb 1991, 1, 0.00,0.00,0.00,0.00,0.00,0.00
18 Feb 1991, 2, 0.00,0.00,0.00,0.00,0.00,0.00
18 Feb 1991, 3, 0.00,0.00,0.00,0.00,0.00,0.00
19 Feb 1991, 1, 0.00,0.00,0.00,0.00,0.00,0.00
19 Feb 1991, 2, 0.00,0.00,0.00,0.00,0.00,0.00
19 Feb 1991, 3, 0.00,0.00,0.00,0.00,0.00,0.00
20 Feb 1991, 1, 0.00,0.00,0.00,0.00,0.00,0.00
20 Feb 1991, 2, 0.00,0.00,0.00,0.00,0.00,0.00
20 Feb 1991, 3, 0.00,0.00,0.00,0.00,0.00,0.00
21 Feb 1991, 1, 0.00,0.00,0.00,0.00,0.00,0.00
21 Feb 1991, 2, 0.00,0.00,0.00,0.00,0.00,0.00
21 Feb 1991, 3, 0.00,0.00,0.00,0.00,0.00,0.00
22 Feb 1991, 1, 0.00,0.00,0.00,0.00,0.00,0.00
22 Feb 1991, 2, 0.00,0.00,0.00,0.00,0.00,0.00
22 Feb 1991, 3, 0.00,0.00,0.00,0.00,0.00,0.00
23 Feb 1991, 1, 0.00,0.00,0.00,0.00,0.00,0.00
23 Feb 1991, 2, 0.00,0.00,0.00,0.00,0.00,0.00
23 Feb 1991, 3, 0.00,0.00,0.00,0.00,0.00,0.00
24 Feb 1991, 1, 0.00,0.00,0.00,0.00,0.00,0.00
24 Feb 1991, 2, 0.00,0.00,0.00,0.00,0.00,0.00
24 Feb 1991, 3, 0.00,0.00,0.00,0.00,0.00,0.00
25 Feb 1991, 1, 0.00,0.00,0.00,0.00,0.00,0.00
25 Feb 1991, 2, 0.00,0.00,0.00,0.00,0.00,0.00
25 Feb 1991, 3, 0.00,0.00,0.00,0.00,0.00,0.00
26 Feb 1991, 1, 0.00,0.00,0.00,0.00,0.00,0.00
26 Feb 1991, 2, 0.00,0.00,0.00,0.00,0.00,0.00
26 Feb 1991, 3, 0.00,0.00,0.00,0.00,0.00,0.00
27 Feb 1991, 1, 0.00,0.00,0.00,0.00,0.00,0.00
27 Feb 1991, 2, 0.00,0.00,0.00,0.00,0.00,0.00
27 Feb 1991, 3, 0.00,0.00,0.00,0.00,0.00,0.00
28 Feb 1991, 1, 0.00,0.00,0.00,0.00,0.00,0.00
28 Feb 1991, 2, 0.00,0.00,0.00,0.00,0.00,0.00
28 Feb 1991, 3, 0.00,0.00,0.00,0.00,0.00,0.00
 1 Mar 1991, 1, 0.00,0.00,0.00,0.00,0.00,0.00
 1 Mar 1991, 2, 0.00,0.00,0.00,0.00,0.00,0.00
 1 Mar 1991, 3, 0.00,0.00,0.00,0.00,0.00,0.00
 2 Mar 1991, 1, 0.00,0.00,0.00,0.00,0.00,0.00
 2 Mar 1991, 2, 0.00,0.00,0.00,0.00,0.00,0.00
 2 Mar 1991, 3, 0.00,0.00,0.00,0.00,0.00,0.00
 3 Mar 1991, 1, 0.00,0.00,0.00,0.00,0.00,0.00
 3 Mar 1991, 2, 0.00,0.00,0.00,0.00,0.00,0.00
 3 Mar 1991, 3, 0.00,0.00,0.00,0.00,0.00,0.00
 4 Mar 1991, 1, 0.00,0.00,0.00,0.00,0.00,0.00
 4 Mar 1991, 2, 0.00,0.00,0.00,0.00,0.00,0.00
 4 Mar 1991, 3, 0.00,0.00,0.00,0.00,0.00,0.00
 5 Mar 1991, 1, 0.00,0.00,0.00,0.00,0.00,0.00
 5 Mar 1991, 2, 0.00,0.00,0.00,0.00,0.00,0.00
 5 Mar 1991, 3, 0.00,0.00,0.00,0.00,0.00,0.00
 6 Mar 1991, 1, 0.00,0.00,0.00,0.00,0.00,0.00
 6 Mar 1991, 2, 0.00,0.00,0.00,0.00,0.00,0.00
 6 Mar 1991, 3, 0.00,0.00,0.00,0.00,0.00,0.00
 7 Mar 1991, 1, 0.00,0.00,0.00,0.00,0.00,0.00
 7 Mar 1991, 2, 0.00,0.00,0.00,0.00,0.00,0.00
 7 Mar 1991, 3, 0.00,0.00,0.00,0.00,0.00,0.00
 8 Mar 1991, 1, 0.00,0.00,0.00,0.00,0.00,0.00
 8 Mar 1991, 2, 0.00,0.00,0.00,0.00,0.00,0.00
 8 Mar 1991, 3, 0.00,0.00,0.00,0.00,0.00,0.00
 9 Mar 1991, 1, 0.00,0.00,0.00,0.00,0.00,0.00
 9 Mar 1991, 2, 0.00,0.00,0.00,0.00,0.00,0.00
 9 Mar 1991, 3, 0.00,0.00,0.00,0.00,0.00,0.00
10 Mar 1991, 1, 0.00,0.00,0.00,0.00,0.00,0.00
10 Mar 1991, 2, 0.00,0.00,0.00,0.00,0.00,0.00
10 Mar 1991, 3, 0.00,0.00,0.00,0.00,0.00,0.00
11 Mar 1991, 1, 0.00,0.00,0.00,0.00,0.00,0.00
11 Mar 1991, 2, 0.00,0.00,0.00,0.00,0.00,0.00
11 Mar 1991, 3, 0.00,0.00,0.00,0.00,0.00,0.00
12 Mar 1991, 1, 0.00,0.00,0.00,0.00,0.00,0.00
12 Mar 1991, 2, 0.00,0.00,0.00,0.00,0.00,0.00
12 Mar 1991, 3, 0.00,0.00,0.00,0.00,0.00,0.00
13 Mar 1991, 1, 0.00,0.00,0.00,0.00,0.00,0.00
13 Mar 1991, 2, 0.00,0.00,0.00,0.00,0.00,0.00
13 Mar 1991, 3, 0.00,0.00,0.00,0.00,0.00,0.00
14 Mar 1991, 1, 0.00,0.00,0.00,0.00,0.00,0.00
14 Mar 1991, 2, 0.00,0.00,0.00,0.00,0.00,0.00
14 Mar 1991, 3, 0.00,0.00,0.00,0.00,0.00,0.00
15 Mar 1991, 1, 0.00,0.00,0.00,0.00,0.00,0.00
15 Mar 1991, 2, 0.00,0.00,0.00,0.00,0.00,0.00
15 Mar 1991, 3, 0.00,0.00,0.00,0.00,0.00,0.00
16 Mar 1991, 1, 0.00,0.00,0.00,0.00,0.00,0.00
16 Mar 1991, 2, 0.00,0.00,0.00,0.00,0.00,0.00
16 Mar 1991, 3, 0.00,0.00,0.00,0.00,0.00,0.00
17 Mar 1991, 1, 0.00,0.00,0.00,0.00,0.00,0.00
17 Mar 1991, 2, 0.00,0.00,0.00,0.00,0.00,0.00
17 Mar 1991, 3, 0.00,0.00,0.00,0.00,0.00,0.00
18 Mar 1991, 1, 0.00,0.00,0.00,0.00,0.00,0.00
18 Mar 1991, 2, 0.00,0.00,0.00,0.00,0.00,0.00
18 Mar 1991, 3, 0.00,0.00,0.00,0.00,0.00,0.00
19 Mar 1991, 1, 0.00,0.00,0.00,0.00,0.00,0.00
19 Mar 1991, 2, 0.00,0.00,0.00,0.00,0.00,0.00
19 Mar 1991, 3, 0.00,0.00,0.00,0.00,0.00,0.00
20 Mar 1991, 1, 0.00,0.00,0.00,0.00,0.00,0.00
20 Mar 1991, 2, 0.00,0.00,0.00,0.00,0.00,0.00
20 Mar 1991, 3, 0.00,0.00,0.00,0.00,0.00,0.00
21 Mar 1991, 1, 0.00,0.00,0.00,0.00,0.00,0.00
21 Mar 1991, 2, 0.00,0.00,0.00,0.00,0.00,0.00
21 Mar 1991, 3, 0.00,0.00,0.00,0.00,0.00,0.00
22 Mar 1991, 1, 0.00,0.00,0.00,0.00,0.00,0.00
22 Mar 1991, 2, 0.00,0.00,0.00,0.00,0.00,0.00
22 Mar 1991, 3, 0.00,0.00,0.00,0.00,0.00,0.00
23 Mar 1991, 1, 0.00,0.00,0.00,0.00,0.00,0.00
23 Mar 1991, 2, 0.00,0.00,0.00,0.00,0.00,0.00
23 Mar 1991, 3, 0.00,0.00,0.00,0.00,0.00,0.00
24 Mar 1991, 1, 0.00,0.00,0.00,0.00,0.00,0.00
24 Mar 1991, 2, 0.00,0.00,0.00,0.00,0.00,0.00
24 Mar 1991, 3, 0.00,0.00,0.00,0.00,0.00,0.00
25 Mar 1991, 1, 0.00,0.00,0.00,0.00,0.00,0.00
25 Mar 1991, 2, 0.00,0.00,0.00,0.00,0.00,0.00
25 Mar 1991, 3, 0.00,0.00,0.00,0.00,0.00,0.00
26 Mar 1991, 1, 0.00,0.00,0.00,0.00,0.00,0.00
26 Mar 1991, 2, 0.00,0.00,0.00,0.00,0.00,0.00
26 Mar 1991, 3, 0.00,0.00,0.00,0.00,0.00,0.00
27 Mar 1991, 1, 0.00,0.00,0.00,0.00,0.00,0.00
27 Mar 1991, 2, 0.00,0.00,0.00,0.00,0.00,0.00
27 Mar 1991, 3, 0.00,0.00,0.00,0.00,0.00,0.00
28 Mar 1991, 1, 0.00,0.00,0.00,0.00,0.00,0.00
28 Mar 1991, 2, 0.00,0.00,0.00,0.00,0.00,0.00
28 Mar 1991, 3, 0.00,0.00,0.00,0.00,0.00,0.00
29 Mar 1991, 1, 0.00,0.00,0.00,0.00,0.00,0.00
29 Mar 1991, 2, 0.00,0.00,0.00,0.00,0.00,0.00
29 Mar 1991, 3, 0.00,0.00,0.00,0.00,0.00,0.00
30 Mar 1991, 1, 0.00,0.00,0.00,0.00,0.00,0.00
30 Mar 1991, 2, 0.00,0.00,0.00,0.00,0.00,0.00
30 Mar 1991, 3, 0.00,0.00,0.00,0.00,0.00,0.00
31 Mar 1991, 1, 0.00,0.00,0.00,0.00,0.00,0.00
31 Mar 1991, 2, 0.00,0.00,0.00,0.00,0.00,0.00
31 Mar 1991, 3, 0.00,0.00,0.00,0.00,0.00,0.00
 1 Apr 1991, 1, 0.00,0.00,0.00,0.00,0.00,0.00
 1 Apr 1991, 2, 0.00,0.00,0.00,0.00,0.00,0.00
 1 Apr 1991, 3, 0.00,0.00,0.00,0.00,0.00,0.00
 2 Apr 1991, 1, 0.00,0.00,0.00,0.00,0.00,0.00
 2 Apr 1991, 2, 0.00,0.01,0.01,0.01,0.00,0.00
 2 Apr 1991, 3, 0.00,0.00,0.00,0.00,0.00,0.00
 3 Apr 1991, 1, 0.00,0.00,0.00,0.00,0.00,0.00
 3 Apr 1991, 2, 0.01,0.02,0.03,0.02,0.00,0.00
 3 Apr 1991, 3, 0.00,0.00,0.00,0.00,0.00,0.00
 4 Apr 1991, 1, 0.00,0.00,0.00,0.00,0.00,0.00
 4 Apr 1991, 2, 0.02,0.03,0.04,0.03,0.00,0.00
 4 Apr 1991, 3, 0.00,0.00,0.00,0.00,0.00,0.00
 5 Apr 1991, 1, 0.00,0.00,0.00,0.00,0.00,0.00
 5 Apr 1991, 2, 0.02,0.03,0.04,0.03,0.00,0.00
 5 Apr 1991, 3, 0.00,0.00,0.00,0.00,0.00,0.00
 6 Apr 1991, 1, 0.00,0.00,0.00,0.00,0.00,0.00
 6 Apr 1991, 2, 0.04,0.05,0.08,0.05,0.00,0.00
 6 Apr 1991, 3, 0.00,0.00,0.00,0.00,0.00,0.00
 7 Apr 1991, 1, 0.00,0.00,0.00,0.00,0.00,0.00
 7 Apr 1991, 2, 0.03,0.05,0.07,0.05,0.00,0.00
 7 Apr 1991, 3, 0.00,0.00,0.00,0.00,0.00,0.00
 8 Apr 1991, 1, 0.00,0.00,0.00,0.00,0.00,0.00
 8 Apr 1991, 2, 0.03,0.05,0.07,0.04,0.00,0.00
 8 Apr 1991, 3, 0.00,0.00,0.00,0.00,0.00,0.00
 9 Apr 1991, 1, 0.00,0.00,0.00,0.00,0.00,0.00
 9 Apr 1991, 2, 0.04,0.05,0.07,0.05,0.00,0.00
 9 Apr 1991, 3, 0.00,0.00,0.00,0.00,0.00,0.00
10 Apr 1991, 1, 0.00,0.00,0.00,0.00,0.00,0.00
10 Apr 1991, 2, 0.05,0.07,0.10,0.07,0.00,0.00
10 Apr 1991, 3, 0.00,0.00,0.00,0.00,0.00,0.00
11 Apr 1991, 1, 0.00,0.00,0.00,0.00,0.00,0.00
11 Apr 1991, 2, 0.05,0.06,0.09,0.06,0.00,0.00
11 Apr 1991, 3, 0.00,0.00,0.00,0.00,0.00,0.00
12 Apr 1991, 1, 0.00,0.00,0.00,0.00,0.00,0.00
12 Apr 1991, 2, 0.05,0.07,0.10,0.06,0.00,0.00
12 Apr 1991, 3, 0.00,0.00,0.00,0.00,0.00,0.00
13 Apr 1991, 1, 0.00,0.00,0.00,0.00,0.00,0.00
13 Apr 1991, 2, 0.08,0.10,0.15,0.10,0.00,0.00
13 Apr 1991, 3, 0.00,0.00,0.00,0.00,0.00,0.00
14 Apr 1991, 1, 0.00,0.00,0.00,0.00,0.00,0.00
14 Apr 1991, 2, 0.04,0.05,0.07,0.05,0.00,0.00
14 Apr 1991, 3, 0.00,0.00,0.00,0.00,0.00,0.00
15 Apr 1991, 1, 0.00,0.00,0.00,0.00,0.00,0.00
15 Apr 1991, 2, 0.04,0.04,0.06,0.04,0.00,0.00
15 Apr 1991, 3, 0.00,0.00,0.00,0.00,0.00,0.00
16 Apr 1991, 1, 0.00,0.00,0.00,0.00,0.00,0.00
16 Apr 1991, 2, 0.10,0.11,0.17,0.11,0.00,0.00
16 Apr 1991, 3, 0.00,0.00,0.00,0.00,0.00,0.00
17 Apr 1991, 1, 0.00,0.00,0.00,0.00,0.00,0.00
17 Apr 1991, 2, 0.16,0.18,0.27,0.18,0.00,0.00
17 Apr 1991, 3, 0.00,0.00,0.00,0.00,0.00,0.00
18 Apr 1991, 1, 0.00,0.00,0.00,0.00,0.00,0.00
18 Apr 1991, 2, 0.10,0.11,0.17,0.11,0.00,0.00
18 Apr 1991, 3, 0.00,0.00,0.00,0.00,0.00,0.00
19 Apr 1991, 1, 0.00,0.00,0.00,0.00,0.00,0.00
19 Apr 1991, 2, 0.18,0.21,0.31,0.21,0.00,0.00
19 Apr 1991, 3, 0.00,0.00,0.00,0.00,0.00,0.00
20 Apr 1991, 1, 0.00,0.00,0.00,0.00,0.00,0.00
20 Apr 1991, 2, 0.09,0.11,0.17,0.11,0.00,0.00
20 Apr 1991, 3, 0.00,0.00,0.00,0.00,0.00,0.00
21 Apr 1991, 1, 0.00,0.00,0.00,0.00,0.00,0.00
21 Apr 1991, 2, 0.18,0.22,0.33,0.22,0.00,0.00
21 Apr 1991, 3, 0.00,0.00,0.00,0.00,0.00,0.00
22 Apr 1991, 1, 0.00,0.00,0.00,0.00,0.00,0.00
22 Apr 1991, 2, 0.10,0.12,0.19,0.13,0.00,0.00
22 Apr 1991, 3, 0.00,0.00,0.00,0.00,0.00,0.00
23 Apr 1991, 1, 0.00,0.00,0.00,0.00,0.00,0.00
23 Apr 1991, 2, 0.17,0.20,0.31,0.21,0.00,0.00
23 Apr 1991, 3, 0.00,0.00,0.00,0.00,0.00,0.00
24 Apr 1991, 1, 0.00,0.00,0.00,0.00,0.00,0.00
24 Apr 1991, 2, 0.15,0.18,0.28,0.19,0.00,0.00
24 Apr 1991, 3, 0.00,0.00,0.00,0.00,0.00,0.00
25 Apr 1991, 1, 0.00,0.00,0.00,0.00,0.00,0.00
25 Apr 1991, 2, 0.16,0.19,0.30,0.21,0.00,0.00
25 Apr 1991, 3, 0.00,0.00,0.00,0.00,0.00,0.00
26 Apr 1991, 1, 0.00,0.00,0.00,0.00,0.00,0.00
26 Apr 1991, 2, 0.26,0.22,0.34,0.24,0.00,0.00
26 Apr 1991, 3, 0.00,0.00,0.00,0.00,0.00,0.00
27 Apr 1991, 1, 0.00,0.00,0.00,0.00,0.00,0.00
27 Apr 1991, 2, 0.24,0.15,0.22,0.15,0.00,0.00
27 Apr 1991, 3, 0.00,0.00,0.00,0.00,0.00,0.00
28 Apr 1991, 1, 0.00,0.00,0.00,0.00,0.00,0.00
28 Apr 1991, 2, 0.17,0.10,0.14,0.10,0.00,0.00
28 Apr 1991, 3, 0.00,0.00,0.00,0.00,0.00,0.00
29 Apr 1991, 1, 0.00,0.00,0.00,0.00,0.00,0.00
29 Apr 1991, 2, 0.14,0.09,0.12,0.08,0.00,0.00
29 Apr 1991, 3, 0.00,0.00,0.00,0.00,0.00,0.00
30 Apr 1991, 1, 0.00,0.00,0.00,0.00,0.00,0.00
30 Apr 1991, 2, 0.38,0.27,0.34,0.24,0.00,0.00
30 Apr 1991, 3, 0.00,0.00,0.00,0.00,0.00,0.00
 1 May 1991, 1, 0.00,0.00,0.00,0.00,0.00,0.00
 1 May 1991, 2, 0.20,0.15,0.19,0.14,0.00,0.00
 1 May 1991, 3, 0.00,0.00,0.00,0.00,0.00,0.00
 2 May 1991, 1, 0.00,0.00,0.00,0.00,0.00,0.00
 2 May 1991, 2, 0.17,0.14,0.17,0.12,0.00,0.00
 2 May 1991, 3, 0.00,0.00,0.00,0.00,0.00,0.00
 3 May 1991, 1, 0.00,0.00,0.00,0.00,0.00,0.00
 3 May 1991, 2, 0.19,0.15,0.20,0.14,0.00,0.00
 3 May 1991, 3, 0.00,0.00,0.00,0.00,0.00,0.00
 4 May 1991, 1, 0.00,0.00,0.00,0.00,0.00,0.00
 4 May 1991, 2, 0.19,0.16,0.20,0.15,0.00,0.00
 4 May 1991, 3, 0.00,0.00,0.00,0.00,0.00,0.00
 5 May 1991, 1, 0.00,0.00,0.00,0.00,0.00,0.00
 5 May 1991, 2, 0.18,0.16,0.20,0.15,0.00,0.00
 5 May 1991, 3, 0.00,0.00,0.00,0.00,0.00,0.00
 6 May 1991, 1, 0.00,0.00,0.00,0.00,0.00,0.00
 6 May 1991, 2, 0.21,0.18,0.24,0.17,0.00,0.00
 6 May 1991, 3, 0.00,0.00,0.00,0.00,0.00,0.00
 7 May 1991, 1, 0.00,0.00,0.00,0.00,0.00,0.00
 7 May 1991, 2, 0.22,0.20,0.26,0.20,0.00,0.00
 7 May 1991, 3, 0.00,0.00,0.00,0.00,0.00,0.00
 8 May 1991, 1, 0.00,0.00,0.00,0.00,0.00,0.00
 8 May 1991, 2, 0.18,0.17,0.23,0.17,0.00,0.00
 8 May 1991, 3, 0.00,0.00,0.00,0.00,0.00,0.00
 9 May 1991, 1, 0.00,0.00,0.00,0.00,0.00,0.00
 9 May 1991, 2, 0.10,0.10,0.13,0.10,0.00,0.00
 9 May 1991, 3, 0.00,0.00,0.00,0.00,0.00,0.00
10 May 1991, 1, 0.00,0.00,0.00,0.00,0.00,0.00
10 May 1991, 2, 0.13,0.12,0.17,0.13,0.00,0.00
10 May 1991, 3, 0.00,0.00,0.00,0.00,0.00,0.00
11 May 1991, 1, 0.00,0.00,0.00,0.00,0.00,0.00
11 May 1991, 2, 0.11,0.10,0.14,0.11,0.00,0.00
11 May 1991, 3, 0.00,0.00,0.00,0.00,0.00,0.00
12 May 1991, 1, 0.00,0.00,0.00,0.00,0.00,0.00
12 May 1991, 2, 0.15,0.14,0.20,0.16,0.00,0.00
12 May 1991, 3, 0.00,0.00,0.00,0.00,0.00,0.00
13 May 1991, 1, 0.00,0.00,0.00,0.00,0.00,0.00
13 May 1991, 2, 0.09,0.09,0.13,0.10,0.00,0.00
13 May 1991, 3, 0.00,0.00,0.00,0.00,0.00,0.00
14 May 1991, 1, 0.00,0.00,0.00,0.00,0.00,0.00
14 May 1991, 2, 0.13,0.13,0.19,0.15,0.00,0.00
14 May 1991, 3, 0.00,0.00,0.00,0.00,0.00,0.00
15 May 1991, 1, 0.00,0.00,0.00,0.00,0.00,0.00
15 May 1991, 2, 0.13,0.13,0.19,0.15,0.00,0.00
15 May 1991, 3, 0.00,0.00,0.00,0.00,0.00,0.00
16 May 1991, 1, 0.00,0.00,0.00,0.00,0.00,0.00
16 May 1991, 2, 0.10,0.10,0.16,0.13,0.00,0.00
16 May 1991, 3, 0.00,0.00,0.00,0.00,0.00,0.00
17 May 1991, 1, 0.00,0.00,0.00,0.00,0.00,0.00
17 May 1991, 2, 0.10,0.10,0.15,0.13,0.00,0.00
17 May 1991, 3, 0.00,0.00,0.00,0.00,0.00,0.00
18 May 1991, 1, 0.00,0.00,0.00,0.00,0.00,0.00
18 May 1991, 2, 0.09,0.09,0.15,0.12,0.00,0.00
18 May 1991, 3, 0.00,0.00,0.00,0.00,0.00,0.00
19 May 1991, 1, 0.00,0.00,0.00,0.00,0.00,0.00
19 May 1991, 2, 0.09,0.10,0.15,0.13,0.00,0.00
19 May 1991, 3, 0.00,0.00,0.00,0.00,0.00,0.00
20 May 1991, 1, 0.00,0.00,0.00,0.00,0.00,0.00
20 May 1991, 2, 0.08,0.09,0.15,0.12,0.00,0.00
20 May 1991, 3, 0.00,0.00,0.00,0.00,0.00,0.00
21 May 1991, 1, 0.00,0.00,0.00,0.00,0.00,0.00
21 May 1991, 2, 0.03,0.04,0.06,0.05,0.00,0.00
21 May 1991, 3, 0.00,0.00,0.00,0.00,0.00,0.00
22 May 1991, 1, 0.00,0.00,0.00,0.00,0.00,0.00
22 May 1991, 2, 0.23,0.05,0.08,0.07,0.00,0.00
22 May 1991, 3, 0.00,0.00,0.00,0.00,0.00,0.00
23 May 1991, 1, 0.00,0.00,0.00,0.00,0.00,0.00
23 May 1991, 2, 0.14,0.07,0.03,0.03,0.00,0.00
23 May 1991, 3, 0.00,0.00,0.00,0.00,0.00,0.00
24 May 1991, 1, 0.00,0.00,0.00,0.00,0.00,0.00
24 May 1991, 2, 0.25,0.16,0.06,0.04,0.00,0.00
24 May 1991, 3, 0.00,0.00,0.00,0.00,0.00,0.00
25 May 1991, 1, 0.00,0.00,0.00,0.00,0.00,0.00
25 May 1991, 2, 0.17,0.13,0.06,0.03,0.00,0.00
25 May 1991, 3, 0.00,0.00,0.00,0.00,0.00,0.00
26 May 1991, 1, 0.00,0.00,0.00,0.00,0.00,0.00
26 May 1991, 2, 0.17,0.16,0.09,0.03,0.00,0.00
26 May 1991, 3, 0.00,0.00,0.00,0.00,0.00,0.00
27 May 1991, 1, 0.00,0.00,0.00,0.00,0.00,0.00
27 May 1991, 2, 0.30,0.29,0.22,0.06,0.00,0.00
27 May 1991, 3, 0.00,0.00,0.00,0.00,0.00,0.00
28 May 1991, 1, 0.00,0.00,0.00,0.00,0.00,0.00
28 May 1991, 2, 0.17,0.18,0.16,0.04,0.00,0.00
28 May 1991, 3, 0.00,0.00,0.00,0.00,0.00,0.00
29 May 1991, 1, 0.00,0.00,0.00,0.00,0.00,0.00
29 May 1991, 2, 0.23,0.24,0.24,0.06,0.00,0.00
29 May 1991, 3, 0.00,0.00,0.00,0.00,0.00,0.00
30 May 1991, 1, 0.00,0.00,0.00,0.00,0.00,0.00
30 May 1991, 2, 0.15,0.16,0.17,0.04,0.00,0.00
30 May 1991, 3, 0.00,0.00,0.00,0.00,0.00,0.00
31 May 1991, 1, 0.00,0.00,0.00,0.00,0.00,0.00
31 May 1991, 2, 0.18,0.19,0.20,0.05,0.00,0.00
31 May 1991, 3, 0.00,0.00,0.00,0.00,0.00,0.00
 1 Jun 1991, 1, 0.00,0.00,0.00,0.00,0.00,0.00
 1 Jun 1991, 2, 0.23,0.24,0.26,0.07,0.00,0.00
 1 Jun 1991, 3, 0.00,0.00,0.00,0.00,0.00,0.00
 2 Jun 1991, 1, 0.00,0.00,0.00,0.00,0.00,0.00
 2 Jun 1991, 2, 0.13,0.14,0.15,0.04,0.00,0.00
 2 Jun 1991, 3, 0.00,0.00,0.00,0.00,0.00,0.00
 3 Jun 1991, 1, 0.00,0.00,0.00,0.00,0.00,0.00
 3 Jun 1991, 2, 0.12,0.13,0.14,0.04,0.00,0.00
 3 Jun 1991, 3, 0.00,0.00,0.00,0.00,0.00,0.00
 4 Jun 1991, 1, 0.00,0.00,0.00,0.00,0.00,0.00
 4 Jun 1991, 2, 0.14,0.15,0.17,0.05,0.00,0.00
 4 Jun 1991, 3, 0.00,0.00,0.00,0.00,0.00,0.00
 5 Jun 1991, 1, 0.00,0.00,0.00,0.00,0.00,0.00
 5 Jun 1991, 2, 0.13,0.14,0.16,0.05,0.00,0.00
 5 Jun 1991, 3, 0.00,0.00,0.00,0.00,0.00,0.00
 6 Jun 1991, 1, 0.00,0.00,0.00,0.00,0.00,0.00
 6 Jun 1991, 2, 0.12,0.13,0.15,0.04,0.00,0.00
 6 Jun 1991, 3, 0.00,0.00,0.00,0.00,0.00,0.00
 7 Jun 1991, 1, 0.00,0.00,0.00,0.00,0.00,0.00
 7 Jun 1991, 2, 0.14,0.14,0.17,0.05,0.00,0.00
 7 Jun 1991, 3, 0.00,0.00,0.00,0.00,0.00,0.00
 8 Jun 1991, 1, 0.00,0.00,0.00,0.00,0.00,0.00
 8 Jun 1991, 2, 0.11,0.07,0.05,0.01,0.00,0.00
 8 Jun 1991, 3, 0.00,0.00,0.00,0.00,0.00,0.00
 9 Jun 1991, 1, 0.00,0.00,0.00,0.00,0.00,0.00
 9 Jun 1991, 2, 0.40,0.27,0.22,0.04,0.00,0.00
 9 Jun 1991, 3, 0.00,0.00,0.00,0.00,0.00,0.00
10 Jun 1991, 1, 0.00,0.00,0.00,0.00,0.00,0.00
10 Jun 1991, 2, 0.17,0.12,0.11,0.02,0.00,0.00
10 Jun 1991, 3, 0.00,0.00,0.00,0.00,0.00,0.00
11 Jun 1991, 1, 0.00,0.00,0.00,0.00,0.00,0.00
11 Jun 1991, 2, 0.51,0.41,0.39,0.08,0.00,0.00
11 Jun 1991, 3, 0.00,0.00,0.00,0.00,0.00,0.00
12 Jun 1991, 1, 0.00,0.00,0.00,0.00,0.00,0.00
12 Jun 1991, 2, 0.14,0.12,0.11,0.04,0.00,0.00
12 Jun 1991, 3, 0.00,0.00,0.00,0.00,0.00,0.00
13 Jun 1991, 1, 0.00,0.00,0.00,0.00,0.00,0.00
13 Jun 1991, 2, 0.13,0.12,0.11,0.05,0.00,0.00
13 Jun 1991, 3, 0.00,0.00,0.00,0.00,0.00,0.00
14 Jun 1991, 1, 0.00,0.00,0.00,0.00,0.00,0.00
14 Jun 1991, 2, 0.15,0.14,0.14,0.08,0.00,0.00
14 Jun 1991, 3, 0.00,0.00,0.00,0.00,0.00,0.00
15 Jun 1991, 1, 0.00,0.00,0.00,0.00,0.00,0.00
15 Jun 1991, 2, 0.29,0.31,0.33,0.21,0.00,0.00
15 Jun 1991, 3, 0.00,0.00,0.00,0.00,0.00,0.00
16 Jun 1991, 1, 0.00,0.00,0.00,0.00,0.00,0.00
16 Jun 1991, 2, 0.38,0.44,0.52,0.36,0.00,0.00
16 Jun 1991, 3, 0.00,0.00,0.00,0.00,0.00,0.00
17 Jun 1991, 1, 0.00,0.00,0.00,0.00,0.00,0.00
17 Jun 1991, 2, 0.11,0.14,0.18,0.14,0.00,0.00
17 Jun 1991, 3, 0.00,0.00,0.00,0.00,0.00,0.00
18 Jun 1991, 1, 0.00,0.00,0.00,0.00,0.00,0.00
18 Jun 1991, 2, 0.10,0.12,0.17,0.14,0.00,0.00
18 Jun 1991, 3, 0.00,0.00,0.00,0.00,0.00,0.00
19 Jun 1991, 1, 0.00,0.00,0.00,0.00,0.00,0.00
19 Jun 1991, 2, 0.07,0.09,0.14,0.12,0.00,0.00
19 Jun 1991, 3, 0.00,0.00,0.00,0.00,0.00,0.00
20 Jun 1991, 1, 0.00,0.00,0.00,0.00,0.00,0.00
20 Jun 1991, 2, 0.09,0.12,0.19,0.17,0.00,0.00
20 Jun 1991, 3, 0.00,0.00,0.00,0.00,0.00,0.00
21 Jun 1991, 1, 0.00,0.00,0.00,0.00,0.00,0.00
21 Jun 1991, 2, 0.08,0.10,0.17,0.16,0.00,0.00
21 Jun 1991, 3, 0.00,0.00,0.00,0.00,0.00,0.00
22 Jun 1991, 1, 0.00,0.00,0.00,0.00,0.00,0.00
22 Jun 1991, 2, 0.11,0.13,0.22,0.21,0.00,0.00
22 Jun 1991, 3, 0.00,0.00,0.00,0.00,0.00,0.00
23 Jun 1991, 1, 0.00,0.00,0.00,0.00,0.00,0.00
23 Jun 1991, 2, 0.20,0.22,0.40,0.37,0.00,0.00
23 Jun 1991, 3, 0.00,0.00,0.00,0.00,0.00,0.00
24 Jun 1991, 1, 0.00,0.00,0.00,0.00,0.00,0.00
24 Jun 1991, 2, 0.07,0.07,0.13,0.12,0.00,0.00
24 Jun 1991, 3, 0.00,0.00,0.00,0.00,0.00,0.00
25 Jun 1991, 1, 0.00,0.00,0.00,0.00,0.00,0.00
25 Jun 1991, 2, 0.19,0.19,0.33,0.30,0.00,0.00
25 Jun 1991, 3, 0.00,0.00,0.00,0.00,0.00,0.00
26 Jun 1991, 1, 0.00,0.00,0.00,0.00,0.00,0.00
26 Jun 1991, 2, 0.18,0.18,0.31,0.29,0.00,0.00
26 Jun 1991, 3, 0.00,0.00,0.00,0.00,0.00,0.00
27 Jun 1991, 1, 0.00,0.00,0.00,0.00,0.00,0.00
27 Jun 1991, 2, 0.16,0.17,0.29,0.26,0.00,0.00
27 Jun 1991, 3, 0.00,0.00,0.00,0.00,0.00,0.00
28 Jun 1991, 1, 0.00,0.00,0.00,0.00,0.00,0.00
28 Jun 1991, 2, 0.16,0.18,0.31,0.27,0.00,0.00
28 Jun 1991, 3, 0.00,0.00,0.00,0.00,0.00,0.00
29 Jun 1991, 1, 0.00,0.00,0.00,0.00,0.00,0.00
29 Jun 1991, 2, 0.17,0.16,0.27,0.23,0.00,0.00
29 Jun 1991, 3, 0.00,0.00,0.00,0.00,0.00,0.00
30 Jun 1991, 1, 0.00,0.00,0.00,0.00,0.00,0.00
30 Jun 1991, 2, 0.15,0.13,0.21,0.18,0.00,0.00
30 Jun 1991, 3, 0.00,0.00,0.00,0.00,0.00,0.00
 1 Jul 1991, 1, 0.00,0.00,0.00,0.00,0.00,0.00
 1 Jul 1991, 2, 0.08,0.07,0.11,0.09,0.00,0.00
 1 Jul 1991, 3, 0.00,0.00,0.00,0.00,0.00,0.00
 2 Jul 1991, 1, 0.00,0.00,0.00,0.00,0.00,0.00
 2 Jul 1991, 2, 0.07,0.07,0.12,0.09,0.00,0.00
 2 Jul 1991, 3, 0.00,0.00,0.00,0.00,0.00,0.00
 3 Jul 1991, 1, 0.00,0.00,0.00,0.00,0.00,0.00
 3 Jul 1991, 2, 0.09,0.09,0.15,0.12,0.00,0.00
 3 Jul 1991, 3, 0.00,0.00,0.00,0.00,0.00,0.00
 4 Jul 1991, 1, 0.00,0.00,0.00,0.00,0.00,0.00
 4 Jul 1991, 2, 0.12,0.12,0.20,0.16,0.00,0.00
 4 Jul 1991, 3, 0.00,0.00,0.00,0.00,0.00,0.00
 5 Jul 1991, 1, 0.00,0.00,0.00,0.00,0.00,0.00
 5 Jul 1991, 2, 0.15,0.13,0.21,0.17,0.00,0.00
 5 Jul 1991, 3, 0.00,0.00,0.00,0.00,0.00,0.00
 6 Jul 1991, 1, 0.00,0.00,0.00,0.00,0.00,0.00
 6 Jul 1991, 2, 0.08,0.07,0.11,0.09,0.00,0.00
 6 Jul 1991, 3, 0.00,0.00,0.00,0.00,0.00,0.00
 7 Jul 1991, 1, 0.00,0.00,0.00,0.00,0.00,0.00
 7 Jul 1991, 2, 0.10,0.09,0.14,0.12,0.00,0.00
 7 Jul 1991, 3, 0.00,0.00,0.00,0.00,0.00,0.00
 8 Jul 1991, 1, 0.00,0.00,0.00,0.00,0.00,0.00
 8 Jul 1991, 2, 0.06,0.06,0.10,0.08,0.00,0.00
 8 Jul 1991, 3, 0.00,0.00,0.00,0.00,0.00,0.00
 9 Jul 1991, 1, 0.00,0.00,0.00,0.00,0.00,0.00
 9 Jul 1991, 2, 0.17,0.14,0.20,0.17,0.00,0.00
 9 Jul 1991, 3, 0.00,0.00,0.00,0.00,0.00,0.00
10 Jul 1991, 1, 0.00,0.00,0.00,0.00,0.00,0.00
10 Jul 1991, 2, 0.31,0.23,0.28,0.23,0.00,0.00
10 Jul 1991, 3, 0.00,0.00,0.00,0.00,0.00,0.00
11 Jul 1991, 1, 0.00,0.00,0.00,0.00,0.00,0.00
11 Jul 1991, 2, 0.10,0.10,0.10,0.06,0.00,0.00
11 Jul 1991, 3, 0.00,0.00,0.00,0.00,0.00,0.00
12 Jul 1991, 1, 0.00,0.00,0.00,0.00,0.00,0.00
12 Jul 1991, 2, 0.06,0.06,0.07,0.04,0.00,0.00
12 Jul 1991, 3, 0.00,0.00,0.00,0.00,0.00,0.00
13 Jul 1991, 1, 0.00,0.00,0.00,0.00,0.00,0.00
13 Jul 1991, 2, 0.11,0.11,0.13,0.09,0.00,0.00
13 Jul 1991, 3, 0.00,0.00,0.00,0.00,0.00,0.00
14 Jul 1991, 1, 0.00,0.00,0.00,0.00,0.00,0.00
14 Jul 1991, 2, 0.07,0.08,0.09,0.07,0.00,0.00
14 Jul 1991, 3, 0.00,0.00,0.00,0.00,0.00,0.00
15 Jul 1991, 1, 0.00,0.00,0.00,0.00,0.00,0.00
15 Jul 1991, 2, 0.08,0.09,0.11,0.09,0.00,0.00
15 Jul 1991, 3, 0.00,0.00,0.00,0.00,0.00,0.00
16 Jul 1991, 1, 0.00,0.00,0.00,0.00,0.00,0.00
16 Jul 1991, 2, 0.10,0.12,0.15,0.12,0.00,0.00
16 Jul 1991, 3, 0.00,0.00,0.00,0.00,0.00,0.00
17 Jul 1991, 1, 0.00,0.00,0.00,0.00,0.00,0.00
17 Jul 1991, 2, 0.23,0.28,0.38,0.32,0.00,0.00
17 Jul 1991, 3, 0.00,0.00,0.00,0.00,0.00,0.00
18 Jul 1991, 1, 0.00,0.00,0.00,0.00,0.00,0.00
18 Jul 1991, 2, 0.17,0.21,0.30,0.26,0.00,0.00
18 Jul 1991, 3, 0.00,0.00,0.00,0.00,0.00,0.00
19 Jul 1991, 1, 0.00,0.00,0.00,0.00,0.00,0.00
19 Jul 1991, 2, 0.20,0.26,0.40,0.35,0.00,0.00
19 Jul 1991, 3, 0.00,0.00,0.00,0.00,0.00,0.00
20 Jul 1991, 1, 0.00,0.00,0.00,0.00,0.00,0.00
20 Jul 1991, 2, 0.17,0.23,0.37,0.33,0.00,0.00
20 Jul 1991, 3, 0.00,0.00,0.00,0.00,0.00,0.00
21 Jul 1991, 1, 0.00,0.00,0.00,0.00,0.00,0.00
21 Jul 1991, 2, 0.17,0.21,0.37,0.34,0.00,0.00
21 Jul 1991, 3, 0.00,0.00,0.00,0.00,0.00,0.00
22 Jul 1991, 1, 0.00,0.00,0.00,0.00,0.00,0.00
22 Jul 1991, 2, 0.11,0.13,0.24,0.22,0.00,0.00
22 Jul 1991, 3, 0.00,0.00,0.00,0.00,0.00,0.00
23 Jul 1991, 1, 0.00,0.00,0.00,0.00,0.00,0.00
23 Jul 1991, 2, 0.15,0.17,0.30,0.28,0.00,0.00
23 Jul 1991, 3, 0.00,0.00,0.00,0.00,0.00,0.00
24 Jul 1991, 1, 0.00,0.00,0.00,0.00,0.00,0.00
24 Jul 1991, 2, 0.17,0.18,0.33,0.31,0.00,0.00
24 Jul 1991, 3, 0.00,0.00,0.00,0.00,0.00,0.00
25 Jul 1991, 1, 0.00,0.00,0.00,0.00,0.00,0.00
25 Jul 1991, 2, 0.11,0.12,0.21,0.20,0.00,0.00
25 Jul 1991, 3, 0.00,0.00,0.00,0.00,0.00,0.00
26 Jul 1991, 1, 0.00,0.00,0.00,0.00,0.00,0.00
26 Jul 1991, 2, 0.13,0.14,0.25,0.23,0.00,0.00
26 Jul 1991, 3, 0.00,0.00,0.00,0.00,0.00,0.00
27 Jul 1991, 1, 0.00,0.00,0.00,0.00,0.00,0.00
27 Jul 1991, 2, 0.16,0.19,0.32,0.29,0.00,0.00
27 Jul 1991, 3, 0.00,0.00,0.00,0.00,0.00,0.00
28 Jul 1991, 1, 0.00,0.00,0.00,0.00,0.00,0.00
28 Jul 1991, 2, 0.13,0.16,0.27,0.24,0.00,0.00
28 Jul 1991, 3, 0.00,0.00,0.00,0.00,0.00,0.00
29 Jul 1991, 1, 0.00,0.00,0.00,0.00,0.00,0.00
29 Jul 1991, 2, 0.23,0.28,0.47,0.41,0.00,0.00
29 Jul 1991, 3, 0.00,0.00,0.00,0.00,0.00,0.00
30 Jul 1991, 1, 0.00,0.00,0.00,0.00,0.00,0.00
30 Jul 1991, 2, 0.11,0.14,0.24,0.21,0.00,0.00
30 Jul 1991, 3, 0.00,0.00,0.00,0.00,0.00,0.00
31 Jul 1991, 1, 0.00,0.00,0.00,0.00,0.00,0.00
31 Jul 1991, 2, 0.06,0.08,0.13,0.11,0.00,0.00
31 Jul 1991, 3, 0.00,0.00,0.00,0.00,0.00,0.00
 1 Aug 1991, 1, 0.00,0.00,0.00,0.00,0.00,0.00
 1 Aug 1991, 2, 0.09,0.12,0.20,0.17,0.00,0.00
 1 Aug 1991, 3, 0.00,0.00,0.00,0.00,0.00,0.00
 2 Aug 1991, 1, 0.00,0.00,0.00,0.00,0.00,0.00
 2 Aug 1991, 2, 0.10,0.13,0.22,0.19,0.00,0.00
 2 Aug 1991, 3, 0.00,0.00,0.00,0.00,0.00,0.00
 3 Aug 1991, 1, 0.00,0.00,0.00,0.00,0.00,0.00
 3 Aug 1991, 2, 0.18,0.23,0.39,0.34,0.00,0.00
 3 Aug 1991, 3, 0.00,0.00,0.00,0.00,0.00,0.00
 4 Aug 1991, 1, 0.00,0.00,0.00,0.00,0.00,0.00
 4 Aug 1991, 2, 0.27,0.35,0.59,0.51,0.00,0.00
 4 Aug 1991, 3, 0.00,0.00,0.00,0.00,0.00,0.00
 5 Aug 1991, 1, 0.00,0.00,0.00,0.00,0.00,0.00
 5 Aug 1991, 2, 0.30,0.33,0.56,0.49,0.00,0.00
 5 Aug 1991, 3, 0.00,0.00,0.00,0.00,0.00,0.00
 6 Aug 1991, 1, 0.00,0.00,0.00,0.00,0.00,0.00
 6 Aug 1991, 2, 0.36,0.24,0.30,0.25,0.00,0.00
 6 Aug 1991, 3, 0.00,0.00,0.00,0.00,0.00,0.00
 7 Aug 1991, 1, 0.00,0.00,0.00,0.00,0.00,0.00
 7 Aug 1991, 2, 0.44,0.34,0.39,0.28,0.00,0.00
 7 Aug 1991, 3, 0.00,0.00,0.00,0.00,0.00,0.00
 8 Aug 1991, 1, 0.00,0.00,0.00,0.00,0.00,0.00
 8 Aug 1991, 2, 0.27,0.21,0.24,0.15,0.00,0.00
 8 Aug 1991, 3, 0.00,0.00,0.00,0.00,0.00,0.00
 9 Aug 1991, 1, 0.00,0.00,0.00,0.00,0.00,0.00
 9 Aug 1991, 2, 0.14,0.12,0.15,0.09,0.00,0.00
 9 Aug 1991, 3, 0.00,0.00,0.00,0.00,0.00,0.00
10 Aug 1991, 1, 0.00,0.00,0.00,0.00,0.00,0.00
10 Aug 1991, 2, 0.14,0.14,0.18,0.12,0.00,0.00
10 Aug 1991, 3, 0.00,0.00,0.00,0.00,0.00,0.00
11 Aug 1991, 1, 0.00,0.00,0.00,0.00,0.00,0.00
11 Aug 1991, 2, 0.22,0.24,0.32,0.24,0.00,0.00
11 Aug 1991, 3, 0.00,0.00,0.00,0.00,0.00,0.00
12 Aug 1991, 1, 0.00,0.00,0.00,0.00,0.00,0.00
12 Aug 1991, 2, 0.44,0.50,0.72,0.57,0.00,0.00
12 Aug 1991, 3, 0.00,0.00,0.00,0.00,0.00,0.00
13 Aug 1991, 1, 0.00,0.00,0.00,0.00,0.00,0.00
13 Aug 1991, 2, 0.30,0.36,0.56,0.47,0.00,0.00
13 Aug 1991, 3, 0.00,0.00,0.00,0.00,0.00,0.00
14 Aug 1991, 1, 0.00,0.00,0.00,0.00,0.00,0.00
14 Aug 1991, 2, 0.32,0.37,0.62,0.54,0.00,0.00
14 Aug 1991, 3, 0.00,0.00,0.00,0.00,0.00,0.00
15 Aug 1991, 1, 0.00,0.00,0.00,0.00,0.00,0.00
15 Aug 1991, 2, 0.22,0.25,0.43,0.39,0.00,0.00
15 Aug 1991, 3, 0.00,0.00,0.00,0.00,0.00,0.00
16 Aug 1991, 1, 0.00,0.00,0.00,0.00,0.00,0.00
16 Aug 1991, 2, 0.13,0.14,0.25,0.22,0.00,0.00
16 Aug 1991, 3, 0.00,0.00,0.00,0.00,0.00,0.00
17 Aug 1991, 1, 0.00,0.00,0.00,0.00,0.00,0.00
17 Aug 1991, 2, 0.12,0.14,0.23,0.20,0.00,0.00
17 Aug 1991, 3, 0.00,0.00,0.00,0.00,0.00,0.00
18 Aug 1991, 1, 0.00,0.00,0.00,0.00,0.00,0.00
18 Aug 1991, 2, 0.24,0.29,0.49,0.43,0.00,0.00
18 Aug 1991, 3, 0.00,0.00,0.00,0.00,0.00,0.00
19 Aug 1991, 1, 0.00,0.00,0.00,0.00,0.00,0.00
19 Aug 1991, 2, 0.23,0.27,0.46,0.40,0.00,0.00
19 Aug 1991, 3, 0.00,0.00,0.00,0.00,0.00,0.00
20 Aug 1991, 1, 0.00,0.00,0.00,0.00,0.00,0.00
20 Aug 1991, 2, 0.30,0.36,0.62,0.54,0.00,0.00
20 Aug 1991, 3, 0.00,0.00,0.00,0.00,0.00,0.00
21 Aug 1991, 1, 0.00,0.00,0.00,0.00,0.00,0.00
21 Aug 1991, 2, 0.08,0.08,0.13,0.11,0.00,0.00
21 Aug 1991, 3, 0.00,0.00,0.00,0.00,0.00,0.00
22 Aug 1991, 1, 0.00,0.00,0.00,0.00,0.00,0.00
22 Aug 1991, 2, 0.27,0.24,0.40,0.35,0.00,0.00
22 Aug 1991, 3, 0.00,0.00,0.00,0.00,0.00,0.00
23 Aug 1991, 1, 0.00,0.00,0.00,0.00,0.00,0.00
23 Aug 1991, 2, 0.43,0.37,0.57,0.50,0.00,0.00
23 Aug 1991, 3, 0.00,0.00,0.00,0.00,0.00,0.00
24 Aug 1991, 1, 0.00,0.00,0.00,0.00,0.00,0.00
24 Aug 1991, 2, 0.21,0.17,0.24,0.21,0.00,0.00
24 Aug 1991, 3, 0.00,0.00,0.00,0.00,0.00,0.00
25 Aug 1991, 1, 0.00,0.00,0.00,0.00,0.00,0.00
25 Aug 1991, 2, 0.25,0.22,0.29,0.25,0.00,0.00
25 Aug 1991, 3, 0.00,0.00,0.00,0.00,0.00,0.00
26 Aug 1991, 1, 0.00,0.00,0.00,0.00,0.00,0.00
26 Aug 1991, 2, 0.24,0.23,0.30,0.25,0.00,0.00
26 Aug 1991, 3, 0.00,0.00,0.00,0.00,0.00,0.00
27 Aug 1991, 1, 0.00,0.00,0.00,0.00,0.00,0.00
27 Aug 1991, 2, 0.39,0.41,0.54,0.45,0.00,0.00
27 Aug 1991, 3, 0.00,0.00,0.00,0.00,0.00,0.00
28 Aug 1991, 1, 0.00,0.00,0.00,0.00,0.00,0.00
28 Aug 1991, 2, 0.24,0.19,0.23,0.18,0.00,0.00
28 Aug 1991, 3, 0.00,0.00,0.00,0.00,0.00,0.00
29 Aug 1991, 1, 0.00,0.00,0.00,0.00,0.00,0.00
29 Aug 1991, 2, 0.30,0.25,0.30,0.21,0.00,0.00
29 Aug 1991, 3, 0.00,0.00,0.00,0.00,0.00,0.00
30 Aug 1991, 1, 0.00,0.00,0.00,0.00,0.00,0.00
30 Aug 1991, 2, 0.30,0.26,0.33,0.20,0.00,0.00
30 Aug 1991, 3, 0.00,0.00,0.00,0.00,0.00,0.00
31 Aug 1991, 1, 0.00,0.00,0.00,0.00,0.00,0.00
31 Aug 1991, 2, 0.33,0.29,0.37,0.21,0.00,0.00
31 Aug 1991, 3, 0.00,0.00,0.00,0.00,0.00,0.00
 1 Sep 1991, 1, 0.00,0.00,0.00,0.00,0.00,0.00
 1 Sep 1991, 2, 0.32,0.30,0.39,0.23,0.00,0.00
 1 Sep 1991, 3, 0.00,0.00,0.00,0.00,0.00,0.00
 2 Sep 1991, 1, 0.00,0.00,0.00,0.00,0.00,0.00
 2 Sep 1991, 2, 0.23,0.24,0.33,0.21,0.00,0.00
 2 Sep 1991, 3, 0.00,0.00,0.00,0.00,0.00,0.00
 3 Sep 1991, 1, 0.00,0.00,0.00,0.00,0.00,0.00
 3 Sep 1991, 2, 0.43,0.48,0.71,0.48,0.00,0.00
 3 Sep 1991, 3, 0.00,0.00,0.00,0.00,0.00,0.00
 4 Sep 1991, 1, 0.00,0.00,0.00,0.00,0.00,0.00
 4 Sep 1991, 2, 0.24,0.28,0.45,0.33,0.00,0.00
 4 Sep 1991, 3, 0.00,0.00,0.00,0.00,0.00,0.00
 5 Sep 1991, 1, 0.00,0.00,0.00,0.00,0.00,0.00
 5 Sep 1991, 2, 0.23,0.26,0.44,0.33,0.00,0.00
 5 Sep 1991, 3, 0.00,0.00,0.00,0.00,0.00,0.00
 6 Sep 1991, 1, 0.00,0.00,0.00,0.00,0.00,0.00
 6 Sep 1991, 2, 0.33,0.37,0.64,0.49,0.00,0.00
 6 Sep 1991, 3, 0.00,0.00,0.00,0.00,0.00,0.00
 7 Sep 1991, 1, 0.00,0.00,0.00,0.00,0.00,0.00
 7 Sep 1991, 2, 0.33,0.38,0.65,0.51,0.00,0.00
 7 Sep 1991, 3, 0.00,0.00,0.00,0.00,0.00,0.00
 8 Sep 1991, 1, 0.00,0.00,0.00,0.00,0.00,0.00
 8 Sep 1991, 2, 0.14,0.17,0.28,0.22,0.00,0.00
 8 Sep 1991, 3, 0.00,0.00,0.00,0.00,0.00,0.00
 9 Sep 1991, 1, 0.00,0.00,0.00,0.00,0.00,0.00
 9 Sep 1991, 2, 0.24,0.30,0.50,0.40,0.00,0.00
 9 Sep 1991, 3, 0.00,0.00,0.00,0.00,0.00,0.00
10 Sep 1991, 1, 0.00,0.00,0.00,0.00,0.00,0.00
10 Sep 1991, 2, 0.20,0.26,0.43,0.34,0.00,0.00
10 Sep 1991, 3, 0.00,0.00,0.00,0.00,0.00,0.00
11 Sep 1991, 1, 0.00,0.00,0.00,0.00,0.00,0.00
11 Sep 1991, 2, 0.42,0.31,0.41,0.32,0.00,0.00
11 Sep 1991, 3, 0.00,0.00,0.00,0.00,0.00,0.00
12 Sep 1991, 1, 0.00,0.00,0.00,0.00,0.00,0.00
12 Sep 1991, 2, 0.28,0.22,0.26,0.18,0.00,0.00
12 Sep 1991, 3, 0.00,0.00,0.00,0.00,0.00,0.00
13 Sep 1991, 1, 0.00,0.00,0.00,0.00,0.00,0.00
13 Sep 1991, 2, 0.36,0.31,0.38,0.23,0.00,0.00
13 Sep 1991, 3, 0.00,0.00,0.00,0.00,0.00,0.00
14 Sep 1991, 1, 0.00,0.00,0.00,0.00,0.00,0.00
14 Sep 1991, 2, 0.40,0.39,0.51,0.30,0.00,0.00
14 Sep 1991, 3, 0.00,0.00,0.00,0.00,0.00,0.00
15 Sep 1991, 1, 0.00,0.00,0.00,0.00,0.00,0.00
15 Sep 1991, 2, 0.43,0.46,0.66,0.39,0.00,0.00
15 Sep 1991, 3, 0.00,0.00,0.00,0.00,0.00,0.00
16 Sep 1991, 1, 0.00,0.00,0.00,0.00,0.00,0.00
16 Sep 1991, 2, 0.45,0.47,0.72,0.44,0.00,0.00
16 Sep 1991, 3, 0.00,0.00,0.00,0.00,0.00,0.00
17 Sep 1991, 1, 0.00,0.00,0.00,0.00,0.00,0.00
17 Sep 1991, 2, 0.25,0.25,0.40,0.25,0.00,0.00
17 Sep 1991, 3, 0.00,0.00,0.00,0.00,0.00,0.00
18 Sep 1991, 1, 0.00,0.00,0.00,0.00,0.00,0.00
18 Sep 1991, 2, 0.40,0.35,0.53,0.33,0.00,0.00
18 Sep 1991, 3, 0.00,0.00,0.00,0.00,0.00,0.00
19 Sep 1991, 1, 0.00,0.00,0.00,0.00,0.00,0.00
19 Sep 1991, 2, 0.30,0.28,0.41,0.25,0.00,0.00
19 Sep 1991, 3, 0.00,0.00,0.00,0.00,0.00,0.00
20 Sep 1991, 1, 0.00,0.00,0.00,0.00,0.00,0.00
20 Sep 1991, 2, 0.48,0.47,0.71,0.42,0.00,0.00
20 Sep 1991, 3, 0.00,0.00,0.00,0.00,0.00,0.00
21 Sep 1991, 1, 0.00,0.00,0.00,0.00,0.00,0.00
21 Sep 1991, 2, 0.30,0.31,0.50,0.30,0.00,0.00
21 Sep 1991, 3, 0.00,0.00,0.00,0.00,0.00,0.00
22 Sep 1991, 1, 0.00,0.00,0.00,0.00,0.00,0.00
22 Sep 1991, 2, 0.38,0.34,0.52,0.30,0.00,0.00
22 Sep 1991, 3, 0.00,0.00,0.00,0.00,0.00,0.00
23 Sep 1991, 1, 0.00,0.00,0.00,0.00,0.00,0.00
23 Sep 1991, 2, 0.46,0.42,0.64,0.37,0.00,0.00
23 Sep 1991, 3, 0.00,0.00,0.00,0.00,0.00,0.00
24 Sep 1991, 1, 0.00,0.00,0.00,0.00,0.00,0.00
24 Sep 1991, 2, 0.37,0.38,0.59,0.33,0.00,0.00
24 Sep 1991, 3, 0.00,0.00,0.00,0.00,0.00,0.00
25 Sep 1991, 1, 0.00,0.00,0.00,0.00,0.00,0.00
25 Sep 1991, 2, 0.27,0.28,0.45,0.26,0.00,0.00
25 Sep 1991, 3, 0.00,0.00,0.00,0.00,0.00,0.00
26 Sep 1991, 1, 0.00,0.00,0.00,0.00,0.00,0.00
26 Sep 1991, 2, 0.35,0.37,0.59,0.35,0.00,0.00
26 Sep 1991, 3, 0.00,0.00,0.00,0.00,0.00,0.00
27 Sep 1991, 1, 0.00,0.00,0.00,0.00,0.00,0.00
27 Sep 1991, 2, 0.52,0.38,0.50,0.28,0.00,0.00
27 Sep 1991, 3, 0.00,0.00,0.00,0.00,0.00,0.00
28 Sep 1991, 1, 0.00,0.00,0.00,0.00,0.00,0.00
28 Sep 1991, 2, 0.66,0.53,0.66,0.34,0.00,0.00
28 Sep 1991, 3, 0.00,0.00,0.00,0.00,0.00,0.00
29 Sep 1991, 1, 0.00,0.00,0.00,0.00,0.00,0.00
29 Sep 1991, 2, 0.58,0.53,0.69,0.33,0.00,0.00
29 Sep 1991, 3, 0.00,0.00,0.00,0.00,0.00,0.00
30 Sep 1991, 1, 0.00,0.00,0.00,0.00,0.00,0.00
30 Sep 1991, 2, 0.34,0.35,0.50,0.24,0.00,0.00
30 Sep 1991, 3, 0.00,0.00,0.00,0.00,0.00,0.00
 1 Oct 1991, 1, 0.00,0.00,0.00,0.00,0.00,0.00
 1 Oct 1991, 2, 0.41,0.45,0.70,0.33,0.00,0.00
 1 Oct 1991, 3, 0.00,0.00,0.00,0.00,0.00,0.00
 2 Oct 1991, 1, 0.00,0.00,0.00,0.00,0.00,0.00
 2 Oct 1991, 2, 0.37,0.40,0.67,0.32,0.00,0.00
 2 Oct 1991, 3, 0.00,0.00,0.00,0.00,0.00,0.00
 3 Oct 1991, 1, 0.00,0.00,0.00,0.00,0.00,0.00
 3 Oct 1991, 2, 0.34,0.38,0.62,0.31,0.00,0.00
 3 Oct 1991, 3, 0.00,0.00,0.00,0.00,0.00,0.00
 4 Oct 1991, 1, 0.00,0.00,0.00,0.00,0.00,0.00
 4 Oct 1991, 2, 0.31,0.36,0.57,0.30,0.00,0.00
 4 Oct 1991, 3, 0.00,0.00,0.00,0.00,0.00,0.00
 5 Oct 1991, 1, 0.00,0.00,0.00,0.00,0.00,0.00
 5 Oct 1991, 2, 0.28,0.33,0.53,0.29,0.00,0.00
 5 Oct 1991, 3, 0.00,0.00,0.00,0.00,0.00,0.00
 6 Oct 1991, 1, 0.00,0.00,0.00,0.00,0.00,0.00
 6 Oct 1991, 2, 0.26,0.31,0.50,0.28,0.00,0.00
 6 Oct 1991, 3, 0.00,0.00,0.00,0.00,0.00,0.00
 7 Oct 1991, 1, 0.00,0.00,0.00,0.00,0.00,0.00
 7 Oct 1991, 2, 0.24,0.29,0.47,0.27,0.00,0.00
 7 Oct 1991, 3, 0.00,0.00,0.00,0.00,0.00,0.00
 8 Oct 1991, 1, 0.00,0.00,0.00,0.00,0.00,0.00
 8 Oct 1991, 2, 0.22,0.27,0.44,0.26,0.00,0.00
 8 Oct 1991, 3, 0.00,0.00,0.00,0.00,0.00,0.00
 9 Oct 1991, 1, 0.00,0.00,0.00,0.00,0.00,0.00
 9 Oct 1991, 2, 0.20,0.25,0.41,0.25,0.00,0.00
 9 Oct 1991, 3, 0.00,0.00,0.00,0.00,0.00,0.00
10 Oct 1991, 1, 0.00,0.00,0.00,0.00,0.00,0.00
10 Oct 1991, 2, 0.19,0.24,0.39,0.24,0.00,0.00
10 Oct 1991, 3, 0.00,0.00,0.00,0.00,0.00,0.00
11 Oct 1991, 1, 0.00,0.00,0.00,0.00,0.00,0.00
11 Oct 1991, 2, 0.17,0.22,0.36,0.23,0.00,0.00
11 Oct 1991, 3, 0.00,0.00,0.00,0.00,0.00,0.00
12 Oct 1991, 1, 0.00,0.00,0.00,0.00,0.00,0.00
12 Oct 1991, 2, 0.16,0.21,0.34,0.22,0.00,0.00
12 Oct 1991, 3, 0.00,0.00,0.00,0.00,0.00,0.00
13 Oct 1991, 1, 0.00,0.00,0.00,0.00,0.00,0.00
13 Oct 1991, 2, 0.14,0.19,0.32,0.22,0.00,0.00
13 Oct 1991, 3, 0.00,0.00,0.00,0.00,0.00,0.00
14 Oct 1991, 1, 0.00,0.00,0.00,0.00,0.00,0.00
14 Oct 1991, 2, 0.13,0.18,0.30,0.21,0.00,0.00
14 Oct 1991, 3, 0.00,0.00,0.00,0.00,0.00,0.00
15 Oct 1991, 1, 0.00,0.00,0.00,0.00,0.00,0.00
15 Oct 1991, 2, 0.12,0.17,0.28,0.20,0.00,0.00
15 Oct 1991, 3, 0.00,0.00,0.00,0.00,0.00,0.00
16 Oct 1991, 1, 0.00,0.00,0.00,0.00,0.00,0.00
16 Oct 1991, 2, 0.11,0.15,0.27,0.19,0.00,0.00
16 Oct 1991, 3, 0.00,0.00,0.00,0.00,0.00,0.00
17 Oct 1991, 1, 0.00,0.00,0.00,0.00,0.00,0.00
17 Oct 1991, 2, 0.10,0.14,0.25,0.19,0.00,0.00
17 Oct 1991, 3, 0.00,0.00,0.00,0.00,0.00,0.00
18 Oct 1991, 1, 0.00,0.00,0.00,0.00,0.00,0.00
18 Oct 1991, 2, 0.09,0.13,0.24,0.18,0.00,0.00
18 Oct 1991, 3, 0.00,0.00,0.00,0.00,0.00,0.00
19 Oct 1991, 1, 0.00,0.00,0.00,0.00,0.00,0.00
19 Oct 1991, 2, 0.08,0.12,0.22,0.17,0.00,0.00
19 Oct 1991, 3, 0.00,0.00,0.00,0.00,0.00,0.00
20 Oct 1991, 1, 0.00,0.00,0.00,0.00,0.00,0.00
20 Oct 1991, 2, 0.07,0.12,0.21,0.17,0.00,0.00
20 Oct 1991, 3, 0.00,0.00,0.00,0.00,0.00,0.00
21 Oct 1991, 1, 0.00,0.00,0.00,0.00,0.00,0.00
21 Oct 1991, 2, 0.06,0.11,0.20,0.16,0.00,0.00
21 Oct 1991, 3, 0.00,0.00,0.00,0.00,0.00,0.00
22 Oct 1991, 1, 0.00,0.00,0.00,0.00,0.00,0.00
22 Oct 1991, 2, 0.06,0.10,0.19,0.16,0.00,0.00
22 Oct 1991, 3, 0.00,0.00,0.00,0.00,0.00,0.00
23 Oct 1991, 1, 0.00,0.00,0.00,0.00,0.00,0.00
23 Oct 1991, 2, 0.05,0.09,0.18,0.15,0.00,0.00
23 Oct 1991, 3, 0.00,0.00,0.00,0.00,0.00,0.00
24 Oct 1991, 1, 0.00,0.00,0.00,0.00,0.00,0.00
24 Oct 1991, 2, 0.04,0.09,0.17,0.15,0.00,0.00
24 Oct 1991, 3, 0.00,0.00,0.00,0.00,0.00,0.00
25 Oct 1991, 1, 0.00,0.00,0.00,0.00,0.00,0.00
25 Oct 1991, 2, 0.04,0.08,0.16,0.14,0.00,0.00
25 Oct 1991, 3, 0.00,0.00,0.00,0.00,0.00,0.00
26 Oct 1991, 1, 0.00,0.00,0.00,0.00,0.00,0.00
26 Oct 1991, 2, 0.09,0.08,0.15,0.14,0.00,0.00
26 Oct 1991, 3, 0.00,0.00,0.00,0.00,0.00,0.00
27 Oct 1991, 1, 0.00,0.00,0.00,0.00,0.00,0.00
27 Oct 1991, 2, 0.14,0.07,0.14,0.13,0.00,0.00
27 Oct 1991, 3, 0.00,0.00,0.00,0.00,0.00,0.00
28 Oct 1991, 1, 0.00,0.00,0.00,0.00,0.00,0.00
28 Oct 1991, 2, 0.13,0.07,0.14,0.13,0.00,0.00
28 Oct 1991, 3, 0.00,0.00,0.00,0.00,0.00,0.00
29 Oct 1991, 1, 0.00,0.00,0.00,0.00,0.00,0.00
29 Oct 1991, 2, 0.12,0.06,0.13,0.12,0.00,0.00
29 Oct 1991, 3, 0.00,0.00,0.00,0.00,0.00,0.00
30 Oct 1991, 1, 0.00,0.00,0.00,0.00,0.00,0.00
30 Oct 1991, 2, 0.11,0.06,0.12,0.12,0.00,0.00
30 Oct 1991, 3, 0.00,0.00,0.00,0.00,0.00,0.00
31 Oct 1991, 1, 0.00,0.00,0.00,0.00,0.00,0.00
31 Oct 1991, 2, 0.12,0.06,0.12,0.12,0.00,0.00
31 Oct 1991, 3, 0.00,0.00,0.00,0.00,0.00,0.00
 1 Nov 1991, 1, 0.00,0.00,0.00,0.00,0.00,0.00
 1 Nov 1991, 2, 0.11,0.05,0.11,0.11,0.00,0.00
 1 Nov 1991, 3, 0.00,0.00,0.00,0.00,0.00,0.00
 2 Nov 1991, 1, 0.00,0.00,0.00,0.00,0.00,0.00
 2 Nov 1991, 2, 0.11,0.05,0.11,0.11,0.00,0.00
 2 Nov 1991, 3, 0.00,0.00,0.00,0.00,0.00,0.00
 3 Nov 1991, 1, 0.00,0.00,0.00,0.00,0.00,0.00
 3 Nov 1991, 2, 0.10,0.05,0.10,0.11,0.00,0.00
 3 Nov 1991, 3, 0.00,0.00,0.00,0.00,0.00,0.00
 4 Nov 1991, 1, 0.00,0.00,0.00,0.00,0.00,0.00
 4 Nov 1991, 2, 0.33,0.05,0.10,0.10,0.00,0.00
 4 Nov 1991, 3, 0.00,0.00,0.00,0.00,0.00,0.00
 5 Nov 1991, 1, 0.00,0.00,0.00,0.00,0.00,0.00
 5 Nov 1991, 2, 0.40,0.07,0.09,0.10,0.00,0.00
 5 Nov 1991, 3, 0.00,0.00,0.00,0.00,0.00,0.00
 6 Nov 1991, 1, 0.00,0.00,0.00,0.00,0.00,0.00
 6 Nov 1991, 2, 0.38,0.08,0.09,0.10,0.00,0.00
 6 Nov 1991, 3, 0.00,0.00,0.00,0.00,0.00,0.00
 7 Nov 1991, 1, 0.00,0.00,0.00,0.00,0.00,0.00
 7 Nov 1991, 2, 0.33,0.08,0.08,0.09,0.00,0.00
 7 Nov 1991, 3, 0.00,0.00,0.00,0.00,0.00,0.00
 8 Nov 1991, 1, 0.00,0.00,0.00,0.00,0.00,0.00
 8 Nov 1991, 2, 0.29,0.08,0.08,0.09,0.00,0.00
 8 Nov 1991, 3, 0.00,0.00,0.00,0.00,0.00,0.00
 9 Nov 1991, 1, 0.00,0.00,0.00,0.00,0.00,0.00
 9 Nov 1991, 2, 0.26,0.08,0.08,0.09,0.00,0.00
 9 Nov 1991, 3, 0.00,0.00,0.00,0.00,0.00,0.00
10 Nov 1991, 1, 0.00,0.00,0.00,0.00,0.00,0.00
10 Nov 1991, 2, 0.23,0.07,0.07,0.09,0.00,0.00
10 Nov 1991, 3, 0.00,0.00,0.00,0.00,0.00,0.00
11 Nov 1991, 1, 0.00,0.00,0.00,0.00,0.00,0.00
11 Nov 1991, 2, 0.21,0.07,0.07,0.08,0.00,0.00
11 Nov 1991, 3, 0.00,0.00,0.00,0.00,0.00,0.00
12 Nov 1991, 1, 0.00,0.00,0.00,0.00,0.00,0.00
12 Nov 1991, 2, 0.19,0.07,0.07,0.08,0.00,0.00
12 Nov 1991, 3, 0.00,0.00,0.00,0.00,0.00,0.00
13 Nov 1991, 1, 0.00,0.00,0.00,0.00,0.00,0.00
13 Nov 1991, 2, 0.16,0.06,0.06,0.08,0.00,0.00
13 Nov 1991, 3, 0.00,0.00,0.00,0.00,0.00,0.00
14 Nov 1991, 1, 0.00,0.00,0.00,0.00,0.00,0.00
14 Nov 1991, 2, 0.15,0.06,0.06,0.08,0.00,0.00
14 Nov 1991, 3, 0.00,0.00,0.00,0.00,0.00,0.00
15 Nov 1991, 1, 0.00,0.00,0.00,0.00,0.00,0.00
15 Nov 1991, 2, 0.13,0.06,0.06,0.07,0.00,0.00
15 Nov 1991, 3, 0.00,0.00,0.00,0.00,0.00,0.00
16 Nov 1991, 1, 0.00,0.00,0.00,0.00,0.00,0.00
16 Nov 1991, 2, 0.11,0.05,0.06,0.07,0.00,0.00
16 Nov 1991, 3, 0.00,0.00,0.00,0.00,0.00,0.00
17 Nov 1991, 1, 0.00,0.00,0.00,0.00,0.00,0.00
17 Nov 1991, 2, 0.10,0.05,0.05,0.07,0.00,0.00
17 Nov 1991, 3, 0.00,0.00,0.00,0.00,0.00,0.00
18 Nov 1991, 1, 0.00,0.00,0.00,0.00,0.00,0.00
18 Nov 1991, 2, 0.08,0.05,0.05,0.07,0.00,0.00
18 Nov 1991, 3, 0.00,0.00,0.00,0.00,0.00,0.00
19 Nov 1991, 1, 0.00,0.00,0.00,0.00,0.00,0.00
19 Nov 1991, 2, 0.07,0.04,0.05,0.07,0.00,0.00
19 Nov 1991, 3, 0.00,0.00,0.00,0.00,0.00,0.00
20 Nov 1991, 1, 0.00,0.00,0.00,0.00,0.00,0.00
20 Nov 1991, 2, 0.06,0.04,0.05,0.07,0.00,0.00
20 Nov 1991, 3, 0.00,0.00,0.00,0.00,0.00,0.00
21 Nov 1991, 1, 0.00,0.00,0.00,0.00,0.00,0.00
21 Nov 1991, 2, 0.05,0.04,0.05,0.06,0.00,0.00
21 Nov 1991, 3, 0.00,0.00,0.00,0.00,0.00,0.00
22 Nov 1991, 1, 0.00,0.00,0.00,0.00,0.00,0.00
22 Nov 1991, 2, 0.03,0.03,0.05,0.06,0.00,0.00
22 Nov 1991, 3, 0.00,0.00,0.00,0.00,0.00,0.00
23 Nov 1991, 1, 0.00,0.00,0.00,0.00,0.00,0.00
23 Nov 1991, 2, 0.03,0.03,0.04,0.06,0.00,0.00
23 Nov 1991, 3, 0.00,0.00,0.00,0.00,0.00,0.00
24 Nov 1991, 1, 0.00,0.00,0.00,0.00,0.00,0.00
24 Nov 1991, 2, 0.02,0.03,0.04,0.06,0.00,0.00
24 Nov 1991, 3, 0.00,0.00,0.00,0.00,0.00,0.00
25 Nov 1991, 1, 0.00,0.00,0.00,0.00,0.00,0.00
25 Nov 1991, 2, 0.01,0.03,0.04,0.06,0.00,0.00
25 Nov 1991, 3, 0.00,0.00,0.00,0.00,0.00,0.00
26 Nov 1991, 1, 0.00,0.00,0.00,0.00,0.00,0.00
26 Nov 1991, 2, 0.00,0.03,0.04,0.06,0.00,0.00
26 Nov 1991, 3, 0.00,0.00,0.00,0.00,0.00,0.00
27 Nov 1991, 1, 0.00,0.00,0.00,0.00,0.00,0.00
27 Nov 1991, 2, 0.00,0.02,0.04,0.05,0.00,0.00
27 Nov 1991, 3, 0.00,0.00,0.00,0.00,0.00,0.00
28 Nov 1991, 1, 0.00,0.00,0.00,0.00,0.00,0.00
28 Nov 1991, 2, 0.00,0.02,0.04,0.05,0.00,0.00
28 Nov 1991, 3, 0.00,0.00,0.00,0.00,0.00,0.00
29 Nov 1991, 1, 0.00,0.00,0.00,0.00,0.00,0.00
29 Nov 1991, 2, 0.00,0.02,0.04,0.05,0.00,0.00
29 Nov 1991, 3, 0.00,0.00,0.00,0.00,0.00,0.00
30 Nov 1991, 1, 0.00,0.00,0.00,0.00,0.00,0.00
30 Nov 1991, 2, 0.00,0.02,0.03,0.05,0.00,0.00
30 Nov 1991, 3, 0.00,0.00,0.00,0.00,0.00,0.00
 1 Dec 1991, 1, 0.00,0.00,0.00,0.00,0.00,0.00
 1 Dec 1991, 2, 0.00,0.00,0.00,0.00,0.00,0.00
 1 Dec 1991, 3, 0.00,0.02,0.03,0.05,0.00,0.00
 2 Dec 1991, 1, 0.00,0.00,0.00,0.00,0.00,0.00
 2 Dec 1991, 2, 0.00,0.00,0.00,0.00,0.00,0.00
 2 Dec 1991, 3, 0.00,0.02,0.03,0.05,0.00,0.00
 3 Dec 1991, 1, 0.00,0.00,0.00,0.00,0.00,0.00
 3 Dec 1991, 2, 0.00,0.00,0.00,0.00,0.00,0.00
 3 Dec 1991, 3, 0.00,0.01,0.03,0.05,0.00,0.00
 4 Dec 1991, 1, 0.00,0.00,0.00,0.00,0.00,0.00
 4 Dec 1991, 2, 0.00,0.00,0.00,0.00,0.00,0.00
 4 Dec 1991, 3, 0.00,0.01,0.03,0.05,0.00,0.00
 5 Dec 1991, 1, 0.00,0.00,0.00,0.00,0.00,0.00
 5 Dec 1991, 2, 0.00,0.00,0.00,0.00,0.00,0.00
 5 Dec 1991, 3, 0.00,0.01,0.03,0.04,0.00,0.00
 6 Dec 1991, 1, 0.00,0.00,0.00,0.00,0.00,0.00
 6 Dec 1991, 2, 0.00,0.00,0.00,0.00,0.00,0.00
 6 Dec 1991, 3, 0.00,0.01,0.03,0.04,0.00,0.00
 7 Dec 1991, 1, 0.00,0.00,0.00,0.00,0.00,0.00
 7 Dec 1991, 2, 0.00,0.00,0.00,0.00,0.00,0.00
 7 Dec 1991, 3, 0.00,0.01,0.03,0.04,0.00,0.00
 8 Dec 1991, 1, 0.00,0.00,0.00,0.00,0.00,0.00
 8 Dec 1991, 2, 0.00,0.00,0.00,0.00,0.00,0.00
 8 Dec 1991, 3, 0.00,0.01,0.03,0.04,0.00,0.00
 9 Dec 1991, 1, 0.00,0.00,0.00,0.00,0.00,0.00
 9 Dec 1991, 2, 0.00,0.00,0.00,0.00,0.00,0.00
 9 Dec 1991, 3, 0.00,0.01,0.03,0.04,0.00,0.00
10 Dec 1991, 1, 0.00,0.00,0.00,0.00,0.00,0.00
10 Dec 1991, 2, 0.00,0.00,0.00,0.00,0.00,0.00
10 Dec 1991, 3, 0.00,0.01,0.03,0.04,0.00,0.00
11 Dec 1991, 1, 0.00,0.00,0.00,0.00,0.00,0.00
11 Dec 1991, 2, 0.00,0.00,0.00,0.00,0.00,0.00
11 Dec 1991, 3, 0.33,0.04,0.02,0.03,0.00,0.00
12 Dec 1991, 1, 0.00,0.00,0.00,0.00,0.00,0.00
12 Dec 1991, 2, 0.00,0.00,0.00,0.00,0.00,0.00
12 Dec 1991, 3, 0.18,0.07,0.01,0.01,0.00,0.00
13 Dec 1991, 1, 0.00,0.00,0.00,0.00,0.00,0.00
13 Dec 1991, 2, 0.00,0.00,0.00,0.00,0.00,0.00
13 Dec 1991, 3, 0.19,0.11,0.01,0.01,0.00,0.00
14 Dec 1991, 1, 0.00,0.00,0.00,0.00,0.00,0.00
14 Dec 1991, 2, 0.00,0.00,0.00,0.00,0.00,0.00
14 Dec 1991, 3, 0.18,0.12,0.03,0.01,0.00,0.00
15 Dec 1991, 1, 0.00,0.00,0.00,0.00,0.00,0.00
15 Dec 1991, 2, 0.00,0.00,0.00,0.00,0.00,0.00
15 Dec 1991, 3, 0.59,0.45,0.23,0.03,0.00,0.00
16 Dec 1991, 1, 0.00,0.00,0.00,0.00,0.00,0.00
16 Dec 1991, 2, 0.00,0.00,0.00,0.00,0.00,0.00
16 Dec 1991, 3, 0.17,0.15,0.11,0.01,0.00,0.00
17 Dec 1991, 1, 0.00,0.00,0.00,0.00,0.00,0.00
17 Dec 1991, 2, 0.00,0.00,0.00,0.00,0.00,0.00
17 Dec 1991, 3, 0.24,0.24,0.24,0.02,0.00,0.00
18 Dec 1991, 1, 0.00,0.00,0.00,0.00,0.00,0.00
18 Dec 1991, 2, 0.00,0.00,0.00,0.00,0.00,0.00
18 Dec 1991, 3, 0.10,0.11,0.14,0.01,0.00,0.00
19 Dec 1991, 1, 0.00,0.00,0.00,0.00,0.00,0.00
19 Dec 1991, 2, 0.00,0.00,0.00,0.00,0.00,0.00
19 Dec 1991, 3, 0.21,0.22,0.30,0.03,0.00,0.00
20 Dec 1991, 1, 0.00,0.00,0.00,0.00,0.00,0.00
20 Dec 1991, 2, 0.00,0.00,0.00,0.00,0.00,0.00
20 Dec 1991, 3, 0.00,0.00,0.00,0.00,0.00,0.00
21 Dec 1991, 1, 0.00,0.00,0.00,0.00,0.00,0.00
21 Dec 1991, 2, 0.00,0.00,0.01,0.00,0.00,0.00
21 Dec 1991, 3, 0.00,0.00,0.00,0.00,0.00,0.00
22 Dec 1991, 1, 0.00,0.00,0.00,0.00,0.00,0.00
22 Dec 1991, 2, 0.01,0.01,0.02,0.00,0.00,0.00
22 Dec 1991, 3, 0.00,0.00,0.00,0.00,0.00,0.00
23 Dec 1991, 1, 0.00,0.00,0.00,0.00,0.00,0.00
23 Dec 1991, 2, 0.02,0.02,0.03,0.01,0.00,0.00
23 Dec 1991, 3, 0.00,0.00,0.00,0.00,0.00,0.00
24 Dec 1991, 1, 0.00,0.00,0.00,0.00,0.00,0.00
24 Dec 1991, 2, 0.03,0.03,0.05,0.01,0.00,0.00
24 Dec 1991, 3, 0.00,0.00,0.00,0.00,0.00,0.00
25 Dec 1991, 1, 0.00,0.00,0.00,0.00,0.00,0.00
25 Dec 1991, 2, 0.04,0.04,0.07,0.02,0.00,0.00
25 Dec 1991, 3, 0.00,0.00,0.00,0.00,0.00,0.00
26 Dec 1991, 1, 0.00,0.00,0.00,0.00,0.00,0.00
26 Dec 1991, 2, 0.04,0.05,0.08,0.02,0.00,0.00
26 Dec 1991, 3, 0.00,0.00,0.00,0.00,0.00,0.00
27 Dec 1991, 1, 0.00,0.00,0.00,0.00,0.00,0.00
27 Dec 1991, 2, 0.08,0.09,0.14,0.04,0.00,0.00
27 Dec 1991, 3, 0.00,0.00,0.00,0.00,0.00,0.00
28 Dec 1991, 1, 0.00,0.00,0.00,0.00,0.00,0.00
28 Dec 1991, 2, 0.05,0.06,0.10,0.03,0.00,0.00
28 Dec 1991, 3, 0.00,0.00,0.00,0.00,0.00,0.00
29 Dec 1991, 1, 0.00,0.00,0.00,0.00,0.00,0.00
29 Dec 1991, 2, 0.05,0.06,0.10,0.03,0.00,0.00
29 Dec 1991, 3, 0.00,0.00,0.00,0.00,0.00,0.00
30 Dec 1991, 1, 0.00,0.00,0.00,0.00,0.00,0.00
30 Dec 1991, 2, 0.04,0.05,0.08,0.02,0.00,0.00
30 Dec 1991, 3, 0.00,0.00,0.00,0.00,0.00,0.00
31 Dec 1991, 1, 0.00,0.00,0.00,0.00,0.00,0.00
31 Dec 1991, 2, 0.07,0.09,0.13,0.04,0.00,0.00
31 Dec 1991, 3, 0.00,0.00,0.00,0.00,0.00,0.00
 1 Jan 1992, 1, 0.00,0.00,0.00,0.00,0.00,0.00
 1 Jan 1992, 2, 0.09,0.06,0.08,0.02,0.00,0.00
 1 Jan 1992, 3, 0.00,0.00,0.00,0.00,0.00,0.00
 2 Jan 1992, 1, 0.00,0.00,0.00,0.00,0.00,0.00
 2 Jan 1992, 2, 0.16,0.13,0.16,0.04,0.00,0.00
 2 Jan 1992, 3, 0.00,0.00,0.00,0.00,0.00,0.00
 3 Jan 1992, 1, 0.00,0.00,0.00,0.00,0.00,0.00
 3 Jan 1992, 2, 0.12,0.11,0.14,0.04,0.00,0.00
 3 Jan 1992, 3, 0.00,0.00,0.00,0.00,0.00,0.00
 4 Jan 1992, 1, 0.00,0.00,0.00,0.00,0.00,0.00
 4 Jan 1992, 2, 0.12,0.12,0.16,0.06,0.00,0.00
 4 Jan 1992, 3, 0.00,0.00,0.00,0.00,0.00,0.00
 5 Jan 1992, 1, 0.00,0.00,0.00,0.00,0.00,0.00
 5 Jan 1992, 2, 0.08,0.08,0.11,0.05,0.00,0.00
 5 Jan 1992, 3, 0.00,0.00,0.00,0.00,0.00,0.00
 6 Jan 1992, 1, 0.00,0.00,0.00,0.00,0.00,0.00
 6 Jan 1992, 2, 0.21,0.20,0.27,0.13,0.00,0.00
 6 Jan 1992, 3, 0.00,0.00,0.00,0.00,0.00,0.00
 7 Jan 1992, 1, 0.00,0.00,0.00,0.00,0.00,0.00
 7 Jan 1992, 2, 0.15,0.15,0.21,0.12,0.00,0.00
 7 Jan 1992, 3, 0.00,0.00,0.00,0.00,0.00,0.00
 8 Jan 1992, 1, 0.00,0.00,0.00,0.00,0.00,0.00
 8 Jan 1992, 2, 0.15,0.17,0.25,0.16,0.00,0.00
 8 Jan 1992, 3, 0.00,0.00,0.00,0.00,0.00,0.00
 9 Jan 1992, 1, 0.00,0.00,0.00,0.00,0.00,0.00
 9 Jan 1992, 2, 0.14,0.13,0.19,0.14,0.00,0.00
 9 Jan 1992, 3, 0.00,0.00,0.00,0.00,0.00,0.00
10 Jan 1992, 1, 0.00,0.00,0.00,0.00,0.00,0.00
10 Jan 1992, 2, 0.11,0.08,0.10,0.07,0.00,0.00
10 Jan 1992, 3, 0.00,0.00,0.00,0.00,0.00,0.00
11 Jan 1992, 1, 0.00,0.00,0.00,0.00,0.00,0.00
11 Jan 1992, 2, 0.24,0.20,0.22,0.16,0.00,0.00
11 Jan 1992, 3, 0.00,0.00,0.00,0.00,0.00,0.00
12 Jan 1992, 1, 0.00,0.00,0.00,0.00,0.00,0.00
12 Jan 1992, 2, 0.29,0.27,0.30,0.22,0.00,0.00
12 Jan 1992, 3, 0.00,0.00,0.00,0.00,0.00,0.00
13 Jan 1992, 1, 0.00,0.00,0.00,0.00,0.00,0.00
13 Jan 1992, 2, 0.40,0.43,0.51,0.39,0.00,0.00
13 Jan 1992, 3, 0.00,0.00,0.00,0.00,0.00,0.00
14 Jan 1992, 1, 0.00,0.00,0.00,0.00,0.00,0.00
14 Jan 1992, 2, 0.25,0.32,0.42,0.33,0.00,0.00
14 Jan 1992, 3, 0.00,0.00,0.00,0.00,0.00,0.00
15 Jan 1992, 1, 0.00,0.00,0.00,0.00,0.00,0.00
15 Jan 1992, 2, 0.23,0.31,0.45,0.38,0.00,0.00
15 Jan 1992, 3, 0.00,0.00,0.00,0.00,0.00,0.00
16 Jan 1992, 1, 0.00,0.00,0.00,0.00,0.00,0.00
16 Jan 1992, 2, 0.24,0.32,0.51,0.44,0.00,0.00
16 Jan 1992, 3, 0.00,0.00,0.00,0.00,0.00,0.00
17 Jan 1992, 1, 0.00,0.00,0.00,0.00,0.00,0.00
17 Jan 1992, 2, 0.24,0.30,0.51,0.46,0.00,0.00
17 Jan 1992, 3, 0.00,0.00,0.00,0.00,0.00,0.00
18 Jan 1992, 1, 0.00,0.00,0.00,0.00,0.00,0.00
18 Jan 1992, 2, 0.24,0.28,0.50,0.46,0.00,0.00
18 Jan 1992, 3, 0.00,0.00,0.00,0.00,0.00,0.00
19 Jan 1992, 1, 0.00,0.00,0.00,0.00,0.00,0.00
19 Jan 1992, 2, 0.28,0.33,0.59,0.55,0.00,0.00
19 Jan 1992, 3, 0.00,0.00,0.00,0.00,0.00,0.00
20 Jan 1992, 1, 0.00,0.00,0.00,0.00,0.00,0.00
20 Jan 1992, 2, 0.31,0.37,0.66,0.60,0.00,0.00
20 Jan 1992, 3, 0.00,0.00,0.00,0.00,0.00,0.00
21 Jan 1992, 1, 0.00,0.00,0.00,0.00,0.00,0.00
21 Jan 1992, 2, 0.29,0.37,0.65,0.59,0.00,0.00
21 Jan 1992, 3, 0.00,0.00,0.00,0.00,0.00,0.00
22 Jan 1992, 1, 0.00,0.00,0.00,0.00,0.00,0.00
22 Jan 1992, 2, 0.26,0.35,0.62,0.56,0.00,0.00
22 Jan 1992, 3, 0.00,0.00,0.00,0.00,0.00,0.00
23 Jan 1992, 1, 0.00,0.00,0.00,0.00,0.00,0.00
23 Jan 1992, 2, 0.28,0.23,0.39,0.36,0.00,0.00
23 Jan 1992, 3, 0.00,0.00,0.00,0.00,0.00,0.00
24 Jan 1992, 1, 0.00,0.00,0.00,0.00,0.00,0.00
24 Jan 1992, 2, 0.11,0.09,0.14,0.13,0.00,0.00
24 Jan 1992, 3, 0.00,0.00,0.00,0.00,0.00,0.00
25 Jan 1992, 1, 0.00,0.00,0.00,0.00,0.00,0.00
25 Jan 1992, 2, 0.36,0.23,0.26,0.20,0.00,0.00
25 Jan 1992, 3, 0.00,0.00,0.00,0.00,0.00,0.00
26 Jan 1992, 1, 0.00,0.00,0.00,0.00,0.00,0.00
26 Jan 1992, 2, 0.45,0.34,0.37,0.26,0.00,0.00
26 Jan 1992, 3, 0.00,0.00,0.00,0.00,0.00,0.00
27 Jan 1992, 1, 0.00,0.00,0.00,0.00,0.00,0.00
27 Jan 1992, 2, 0.54,0.49,0.55,0.39,0.00,0.00
27 Jan 1992, 3, 0.00,0.00,0.00,0.00,0.00,0.00
28 Jan 1992, 1, 0.00,0.00,0.00,0.00,0.00,0.00
28 Jan 1992, 2, 0.55,0.57,0.71,0.53,0.00,0.00
28 Jan 1992, 3, 0.00,0.00,0.00,0.00,0.00,0.00
29 Jan 1992, 1, 0.00,0.00,0.00,0.00,0.00,0.00
29 Jan 1992, 2, 0.30,0.37,0.51,0.40,0.00,0.00
29 Jan 1992, 3, 0.00,0.00,0.00,0.00,0.00,0.00
30 Jan 1992, 1, 0.00,0.00,0.00,0.00,0.00,0.00
30 Jan 1992, 2, 0.26,0.33,0.50,0.42,0.00,0.00
30 Jan 1992, 3, 0.00,0.00,0.00,0.00,0.00,0.00
31 Jan 1992, 1, 0.00,0.00,0.00,0.00,0.00,0.00
31 Jan 1992, 2, 0.37,0.44,0.73,0.64,0.00,0.00
31 Jan 1992, 3, 0.00,0.00,0.00,0.00,0.00,0.00
 1 Feb 1992, 1, 0.00,0.00,0.00,0.00,0.00,0.00
 1 Feb 1992, 2, 0.31,0.33,0.57,0.51,0.00,0.00
 1 Feb 1992, 3, 0.00,0.00,0.00,0.00,0.00,0.00
 2 Feb 1992, 1, 0.00,0.00,0.00,0.00,0.00,0.00
 2 Feb 1992, 2, 0.35,0.38,0.66,0.60,0.00,0.00
 2 Feb 1992, 3, 0.00,0.00,0.00,0.00,0.00,0.00
 3 Feb 1992, 1, 0.00,0.00,0.00,0.00,0.00,0.00
 3 Feb 1992, 2, 0.33,0.38,0.65,0.59,0.00,0.00
 3 Feb 1992, 3, 0.00,0.00,0.00,0.00,0.00,0.00
