Date,Lucerne_High,Lucerne_Med,Lucerne_Low,Lucerne_Rain,Ryegrass_High,Ryegrass_Med,Ryegrass_Low,Ryegrass_Rain
1/06/2011,0,0,0,0,0.45,0.45,0.45,0.45
2/06/2011,0,0,0,0,0.46,0.46,0.46,0.46
3/06/2011,0,0,0,0,0.47,0.47,0.47,0.47
4/06/2011,0,0,0,0,0.48,0.48,0.48,0.48
5/06/2011,0,0,0,0,0.49,0.49,0.49,0.49
6/06/2011,0,0,0,0,0.5,0.5,0.5,0.5
7/06/2011,0,0,0,0,0.51,0.51,0.51,0.51
8/06/2011,0,0,0,0,0.52,0.52,0.52,0.52
9/06/2011,0,0,0,0,0.53,0.53,0.53,0.53
10/06/2011,0,0,0,0,0.53,0.53,0.53,0.53
11/06/2011,0,0,0,0,0.54,0.54,0.54,0.54
12/06/2011,0,0,0,0,0.54,0.54,0.54,0.54
13/06/2011,0,0,0,0,0.55,0.55,0.55,0.55
14/06/2011,0,0,0,0,0.55,0.55,0.55,0.55
15/06/2011,0,0,0,0,0.56,0.56,0.56,0.56
16/06/2011,0,0,0,0,0.57,0.57,0.57,0.57
17/06/2011,0,0,0,0,0.57,0.57,0.57,0.57
18/06/2011,0,0,0,0,0.58,0.58,0.58,0.58
19/06/2011,0,0,0,0,0.59,0.59,0.59,0.59
20/06/2011,0,0,0,0,0.59,0.59,0.59,0.59
21/06/2011,0,0,0,0,0.6,0.6,0.6,0.6
22/06/2011,0,0,0,0,0.61,0.61,0.61,0.61
23/06/2011,0,0,0,0,0.62,0.62,0.62,0.62
24/06/2011,0,0,0,0,0.62,0.62,0.62,0.62
25/06/2011,0,0,0,0,0.63,0.63,0.63,0.63
26/06/2011,0,0,0,0,0.63,0.63,0.63,0.63
27/06/2011,0,0,0,0,0.64,0.64,0.64,0.64
28/06/2011,0,0,0,0,0.64,0.64,0.64,0.64
29/06/2011,0,0,0,0,0.65,0.65,0.65,0.65
30/06/2011,0,0,0,0,0.65,0.65,0.65,0.65
1/07/2011,0,0,0,0,0.66,0.66,0.66,0.66
2/07/2011,0,0,0,0,0.66,0.66,0.66,0.66
3/07/2011,0,0,0,0,0.67,0.67,0.67,0.67
4/07/2011,0,0,0,0,0.67,0.67,0.67,0.67
5/07/2011,0,0,0,0,0.68,0.68,0.68,0.68
6/07/2011,0,0,0,0,0.68,0.68,0.68,0.68
7/07/2011,0,0,0,0,0.69,0.69,0.69,0.69
8/07/2011,0,0,0,0,0.7,0.7,0.7,0.7
9/07/2011,0,0,0,0,0.71,0.71,0.71,0.71
10/07/2011,0,0,0,0,0.71,0.71,0.71,0.71
11/07/2011,0,0,0,0,0.72,0.72,0.72,0.72
12/07/2011,0,0,0,0,0.73,0.73,0.73,0.73
13/07/2011,0,0,0,0,0.73,0.73,0.73,0.73
14/07/2011,0,0,0,0,0.74,0.74,0.74,0.74
15/07/2011,0,0,0,0,0.74,0.74,0.74,0.74
16/07/2011,0,0,0,0,0.75,0.75,0.75,0.75
17/07/2011,0,0,0,0,0.75,0.75,0.75,0.75
18/07/2011,0,0,0,0,0.76,0.76,0.76,0.76
19/07/2011,0,0,0,0,0.76,0.76,0.76,0.76
20/07/2011,0,0,0,0,0.77,0.77,0.77,0.77
21/07/2011,0,0,0,0,0.77,0.77,0.77,0.77
22/07/2011,0,0,0,0,0.77,0.77,0.77,0.77
23/07/2011,0,0,0,0,0.78,0.78,0.78,0.78
24/07/2011,0,0,0,0,0.78,0.78,0.78,0.78
25/07/2011,0,0,0,0,0.78,0.78,0.78,0.78
26/07/2011,0,0,0,0,0.78,0.78,0.78,0.78
27/07/2011,0,0,0,0,0.79,0.79,0.79,0.79
28/07/2011,0,0,0,0,0.8,0.8,0.8,0.8
29/07/2011,0,0,0,0,0.81,0.81,0.81,0.81
30/07/2011,0,0,0,0,0.81,0.81,0.81,0.81
31/07/2011,0,0,0,0,0.81,0.81,0.81,0.81
1/08/2011,0,0,0,0,0.82,0.82,0.82,0.82
2/08/2011,0,0,0,0,0.82,0.82,0.82,0.82
3/08/2011,0,0,0,0,0.83,0.83,0.83,0.83
4/08/2011,0,0,0,0,0.83,0.83,0.83,0.83
5/08/2011,0,0,0,0,0.84,0.84,0.84,0.84
6/08/2011,0,0,0,0,0.85,0.85,0.85,0.85
7/08/2011,0,0,0,0,0.85,0.85,0.85,0.85
8/08/2011,0,0,0,0,0.86,0.86,0.86,0.86
9/08/2011,0,0,0,0,0.86,0.86,0.86,0.86
10/08/2011,0,0,0,0,0.87,0.87,0.87,0.87
11/08/2011,0,0,0,0,0.87,0.87,0.87,0.87
12/08/2011,0,0,0,0,0.88,0.88,0.88,0.88
13/08/2011,0,0,0,0,0.88,0.88,0.88,0.88
14/08/2011,0,0,0,0,0.89,0.89,0.89,0.89
15/08/2011,0,0,0,0,0.89,0.89,0.89,0.89
16/08/2011,0,0,0,0,0.89,0.89,0.89,0.89
17/08/2011,0,0,0,0,0.89,0.89,0.89,0.89
18/08/2011,0,0,0,0,0.9,0.9,0.9,0.9
19/08/2011,0,0,0,0,0.9,0.9,0.9,0.9
20/08/2011,0,0,0,0,0.9,0.9,0.9,0.9
21/08/2011,0,0,0,0,0.91,0.91,0.91,0.91
22/08/2011,0,0,0,0,0.92,0.92,0.92,0.92
23/08/2011,0,0,0,0,0.92,0.92,0.92,0.92
24/08/2011,0,0,0,0,0.93,0.93,0.93,0.93
25/08/2011,0,0,0,0,0.94,0.94,0.94,0.94
26/08/2011,0,0,0,0,0.95,0.95,0.95,0.95
27/08/2011,0,0,0,0,0.96,0.96,0.96,0.96
28/08/2011,0,0,0,0,0.97,0.97,0.97,0.97
29/08/2011,0,0,0,0,0.97,0.97,0.97,0.97
30/08/2011,0,0,0,0,0.99,0.99,0.99,0.99
31/08/2011,0,0,0,0,0.99,0.99,0.99,0.99
1/09/2011,0,0,0,0,1,1,1,1
2/09/2011,0,0,0,0,1,1,1,1
3/09/2011,0,0,0,0,1,1,1,1
4/09/2011,0,0,0,0,1,1,1,1
5/09/2011,0,0,0,0,1,1,1,1
6/09/2011,0,0,0,0,1,1,1,1
7/09/2011,0,0,0,0,1,1,1,1
8/09/2011,0,0,0,0,1,1,1,1
9/09/2011,0,0,0,0,1,1,1,1
10/09/2011,0,0,0,0,1,1,1,1
11/09/2011,0,0,0,0,1,1,1,1
12/09/2011,0,0,0,0,1,1,1,1
13/09/2011,0,0,0,0,1,1,1,1
14/09/2011,0,0,0,0,1,1,1,1
15/09/2011,0,0,0,0,1,1,1,1
16/09/2011,0,0,0,0,1,1,1,1
17/09/2011,0,0,0,0,1,1,1,1
18/09/2011,0,0,0,0,1,1,1,1
19/09/2011,0,0,0,0,1,1,1,1
20/09/2011,0,0,0,0,1,1,1,1
21/09/2011,0,0,0,0,1,1,1,1
22/09/2011,0,0,0,0,1,1,1,1
23/09/2011,0,0,0,0,1,1,1,1
24/09/2011,0,0,0,0,1,1,1,1
25/09/2011,0,0,0,0,1,1,1,1
26/09/2011,0,0,0,0,1,1,1,1
27/09/2011,0,0,0,0,1,1,1,1
28/09/2011,0,0,0,0,1,1,1,1
29/09/2011,0,0,0,0,0.65,0.64,0.63,0.63
30/09/2011,0,0,0,0,0.67,0.66,0.65,0.65
1/10/2011,0.46,0.55,0.5,0.5,0.7,0.68,0.67,0.67
2/10/2011,0.48,0.56,0.51,0.51,0.73,0.71,0.7,0.7
3/10/2011,0.49,0.56,0.52,0.52,0.76,0.72,0.72,0.72
4/10/2011,0.49,0.56,0.52,0.52,0.77,0.74,0.74,0.73
5/10/2011,0.5,0.57,0.53,0.53,0.79,0.75,0.75,0.75
6/10/2011,0.51,0.57,0.53,0.53,0.8,0.76,0.76,0.76
7/10/2011,0.52,0.57,0.54,0.54,0.82,0.77,0.78,0.77
8/10/2011,0.52,0.57,0.54,0.54,0.83,0.78,0.79,0.78
9/10/2011,0.53,0.57,0.55,0.55,0.84,0.79,0.8,0.79
10/10/2011,0.54,0.58,0.55,0.55,0.86,0.8,0.82,0.81
11/10/2011,0.55,0.58,0.57,0.56,0.89,0.83,0.84,0.84
12/10/2011,0.56,0.59,0.57,0.57,0.92,0.86,0.88,0.87
13/10/2011,0.57,0.6,0.57,0.57,0.93,0.89,0.9,0.9
14/10/2011,0.57,0.61,0.58,0.58,0.95,0.92,0.92,0.92
15/10/2011,0.58,0.61,0.58,0.58,0.96,0.94,0.95,0.94
16/10/2011,0.58,0.62,0.59,0.58,0.98,0.97,0.97,0.97
17/10/2011,0.59,0.63,0.59,0.59,1,1,1,1
18/10/2011,0.61,0.64,0.6,0.6,1,1,1,1
19/10/2011,0.62,0.66,0.61,0.62,1,1,1,1
20/10/2011,0.63,0.67,0.62,0.63,1,1,1,1
21/10/2011,0.65,0.69,0.64,0.65,1,1,1,1
22/10/2011,0.66,0.71,0.65,0.66,1,1,1,1
23/10/2011,0.68,0.72,0.66,0.68,1,1,1,1
24/10/2011,0.7,0.75,0.68,0.7,1,1,1,1
25/10/2011,0.71,0.77,0.7,0.72,1,1,1,1
26/10/2011,0.73,0.78,0.71,0.73,1,1,1,1
27/10/2011,0.74,0.8,0.72,0.74,1,1,1,1
28/10/2011,0.75,0.81,0.73,0.76,1,1,1,1
29/10/2011,0.78,0.83,0.75,0.78,1,1,1,1
30/10/2011,0.78,0.84,0.76,0.79,1,1,1,1
31/10/2011,0.8,0.85,0.77,0.8,1,1,1,1
1/11/2011,0.05,0.05,0.05,0.05,0.45,0.45,0.45,0.45
2/11/2011,0.27,0.28,0.25,0.26,0.39,0.4,0.41,0.39
3/11/2011,0.49,0.51,0.46,0.47,0.32,0.34,0.37,0.33
4/11/2011,0.51,0.53,0.47,0.49,0.36,0.38,0.41,0.36
5/11/2011,0.52,0.54,0.48,0.5,0.39,0.41,0.43,0.39
6/11/2011,0.54,0.55,0.5,0.51,0.44,0.47,0.48,0.44
7/11/2011,0.56,0.57,0.52,0.53,0.49,0.51,0.52,0.48
8/11/2011,0.58,0.59,0.53,0.54,0.54,0.57,0.58,0.53
9/11/2011,0.59,0.61,0.55,0.56,0.59,0.61,0.62,0.57
10/11/2011,0.61,0.63,0.57,0.57,0.63,0.66,0.67,0.61
11/11/2011,0.63,0.65,0.59,0.59,0.68,0.72,0.71,0.66
12/11/2011,0.65,0.66,0.6,0.61,0.73,0.76,0.76,0.7
13/11/2011,0.67,0.68,0.62,0.62,0.77,0.81,0.8,0.74
14/11/2011,0.69,0.7,0.63,0.64,0.82,0.86,0.85,0.79
15/11/2011,0.71,0.72,0.66,0.66,0.88,0.92,0.9,0.84
16/11/2011,0.74,0.75,0.69,0.68,0.9,0.93,0.92,0.87
17/11/2011,0.77,0.78,0.72,0.71,0.91,0.94,0.93,0.89
18/11/2011,0.79,0.8,0.74,0.73,0.93,0.95,0.94,0.9
19/11/2011,0.81,0.82,0.77,0.75,0.94,0.96,0.95,0.92
20/11/2011,0.86,0.86,0.82,0.79,0.97,0.98,0.97,0.96
21/11/2011,0.88,0.89,0.84,0.81,0.98,0.99,0.98,0.98
22/11/2011,0.92,0.92,0.88,0.84,1,1,1,1
23/11/2011,0.92,0.92,0.88,0.83,1,1,1,1
24/11/2011,0.92,0.93,0.89,0.83,1,1,1,1
25/11/2011,0.93,0.93,0.9,0.83,1,1,1,1
26/11/2011,0.93,0.94,0.9,0.82,1,1,1,1
27/11/2011,0.94,0.94,0.91,0.82,1,1,1,1
28/11/2011,0.94,0.95,0.92,0.82,1,1,1,1
29/11/2011,0.95,0.95,0.92,0.81,1,1,1,1
30/11/2011,0.95,0.96,0.93,0.81,0.45,0.45,0.45,0.45
1/12/2011,0.96,0.96,0.94,0.81,0.65,0.61,0.63,0.58
2/12/2011,0.96,0.97,0.94,0.8,0.69,0.65,0.67,0.59
3/12/2011,0.97,0.97,0.95,0.8,0.73,0.69,0.7,0.61
4/12/2011,0.97,0.98,0.95,0.8,0.77,0.73,0.74,0.62
5/12/2011,0.98,0.98,0.96,0.8,0.81,0.76,0.77,0.63
6/12/2011,0.98,0.98,0.96,0.8,0.84,0.79,0.8,0.64
7/12/2011,0.98,0.99,0.97,0.8,0.86,0.81,0.82,0.65
8/12/2011,0.98,0.99,0.97,0.8,0.89,0.84,0.85,0.66
9/12/2011,0.99,0.99,0.97,0.81,0.92,0.87,0.88,0.67
10/12/2011,0.99,0.99,0.98,0.81,0.94,0.9,0.9,0.73
11/12/2011,0.99,0.99,0.98,0.82,0.96,0.93,0.93,0.8
12/12/2011,0.99,0.99,0.99,0.82,0.98,0.96,0.97,0.88
13/12/2011,1,1,1,0.83,1,1,1,0.96
14/12/2011,1,1,1,0.83,1,1,1,0.96
15/12/2011,1,1,1,0.83,1,1,1,0.96
16/12/2011,1,1,1,0.83,1,1,1,0.96
17/12/2011,1,1,1,0.83,1,1,1,0.96
18/12/2011,1,1,1,0.83,1,1,1,0.96
19/12/2011,1,1,1,0.83,1,1,1,0.96
20/12/2011,0.05,0.05,0.05,0.05,0.45,0.45,0.45,0.45
21/12/2011,0.43,0.4,0.42,0.35,0.64,0.65,0.65,0.72
22/12/2011,0.46,0.43,0.44,0.36,0.68,0.68,0.68,0.73
23/12/2011,0.49,0.46,0.47,0.38,0.72,0.71,0.71,0.74
24/12/2011,0.52,0.49,0.49,0.4,0.76,0.74,0.75,0.75
25/12/2011,0.55,0.52,0.52,0.42,0.8,0.78,0.78,0.76
26/12/2011,0.59,0.55,0.55,0.45,0.85,0.81,0.82,0.77
27/12/2011,0.63,0.59,0.58,0.47,0.9,0.86,0.87,0.78
28/12/2011,0.67,0.63,0.62,0.5,0.95,0.9,0.91,0.8
29/12/2011,0.69,0.66,0.64,0.49,0.95,0.9,0.92,0.79
30/12/2011,0.71,0.68,0.66,0.49,0.96,0.91,0.92,0.78
31/12/2011,0.73,0.7,0.69,0.49,0.96,0.92,0.93,0.77
1/01/2012,0.75,0.72,0.71,0.48,0.96,0.92,0.93,0.76
2/01/2012,0.77,0.74,0.73,0.48,0.97,0.93,0.94,0.75
3/01/2012,0.79,0.76,0.75,0.48,0.97,0.93,0.94,0.75
4/01/2012,0.81,0.79,0.78,0.48,0.97,0.94,0.95,0.74
5/01/2012,0.84,0.82,0.81,0.47,0.98,0.95,0.96,0.73
6/01/2012,0.86,0.84,0.83,0.47,0.98,0.96,0.96,0.72
7/01/2012,0.88,0.87,0.86,0.47,0.98,0.96,0.97,0.71
8/01/2012,0.9,0.89,0.88,0.46,0.99,0.97,0.97,0.7
9/01/2012,0.92,0.92,0.91,0.46,0.99,0.98,0.98,0.69
10/01/2012,0.95,0.94,0.94,0.46,0.99,0.98,0.99,0.68
11/01/2012,0.97,0.97,0.96,0.45,1,0.99,0.99,0.67
12/01/2012,1,1,1,0.45,1,1,1,0.66
13/01/2012,1,1,1,0.45,1,1,1,0.65
14/01/2012,1,1,1,0.45,1,1,1,0.65
15/01/2012,1,1,1,0.45,1,1,1,0.64
16/01/2012,1,1,1,0.44,1,1,1,0.64
17/01/2012,1,1,1,0.44,1,1,1,0.63
18/01/2012,1,1,1,0.44,1,1,1,0.63
19/01/2012,1,1,1,0.44,1,1,1,0.62
20/01/2012,1,1,1,0.44,1,1,1,0.62
21/01/2012,1,1,1,0.44,1,1,1,0.61
22/01/2012,1,1,1,0.44,1,1,1,0.61
23/01/2012,1,1,1,0.44,1,1,1,0.6
24/01/2012,1,1,1,0.44,1,1,1,0.6
25/01/2012,1,1,1,0.44,1,1,1,0.6
26/01/2012,0.05,0.05,0.05,0.05,0.45,0.45,0.45,0.45
27/01/2012,0.09,0.09,0.09,0.06,0.48,0.48,0.48,0.45
28/01/2012,0.15,0.14,0.15,0.08,0.52,0.52,0.52,0.44
29/01/2012,0.2,0.19,0.2,0.09,0.56,0.56,0.55,0.43
30/01/2012,0.26,0.25,0.26,0.1,0.59,0.59,0.59,0.43
31/01/2012,0.33,0.32,0.33,0.12,0.64,0.64,0.64,0.42
1/02/2012,0.42,0.4,0.41,0.15,0.7,0.7,0.7,0.41
2/02/2012,0.47,0.45,0.46,0.16,0.74,0.74,0.74,0.41
3/02/2012,0.53,0.5,0.52,0.17,0.78,0.78,0.77,0.4
4/02/2012,0.59,0.56,0.58,0.19,0.82,0.82,0.82,0.39
5/02/2012,0.66,0.62,0.65,0.21,0.87,0.87,0.86,0.39
6/02/2012,0.73,0.69,0.71,0.22,0.91,0.91,0.91,0.38
7/02/2012,0.79,0.74,0.77,0.24,0.96,0.96,0.95,0.37
8/02/2012,0.85,0.81,0.84,0.26,1,1,0.99,0.37
9/02/2012,0.86,0.82,0.85,0.26,1,1,0.99,0.37
10/02/2012,0.87,0.82,0.85,0.26,1,1,0.99,0.37
11/02/2012,0.87,0.83,0.86,0.27,1,1,0.99,0.37
12/02/2012,0.88,0.84,0.87,0.27,1,1,0.99,0.37
13/02/2012,0.89,0.85,0.88,0.27,1,1,0.99,0.37
14/02/2012,0.89,0.86,0.88,0.27,1,1,0.99,0.37
15/02/2012,0.9,0.87,0.89,0.28,1,1,0.99,0.37
16/02/2012,0.91,0.88,0.9,0.28,1,1,0.99,0.37
17/02/2012,0.92,0.89,0.91,0.28,1,1,0.99,0.37
18/02/2012,0.92,0.9,0.92,0.29,1,1,0.99,0.37
19/02/2012,0.93,0.91,0.92,0.29,1,1,0.99,0.37
20/02/2012,0.94,0.92,0.93,0.29,1,1,0.99,0.37
21/02/2012,0.95,0.93,0.94,0.3,1,1,0.99,0.37
22/02/2012,0.96,0.94,0.95,0.3,1,1,0.99,0.37
23/02/2012,0.97,0.96,0.96,0.3,1,1,0.99,0.37
24/02/2012,0.97,0.97,0.97,0.31,1,1,0.99,0.37
25/02/2012,0.98,0.98,0.98,0.31,1,1,0.99,0.37
26/02/2012,0.99,0.98,0.99,0.31,1,1,0.99,0.37
27/02/2012,0.99,0.99,0.99,0.32,1,1,0.99,0.37
28/02/2012,1,1,1,0.32,1,1,0.99,0.37
29/02/2012,0.05,0.05,0.05,0.05,0.45,0.45,0.45,0.45
1/03/2012,0.08,0.08,0.08,0.12,0.5,0.51,0.51,0.51
2/03/2012,0.11,0.11,0.11,0.19,0.56,0.56,0.57,0.57
3/03/2012,0.15,0.14,0.14,0.26,0.61,0.61,0.62,0.63
4/03/2012,0.18,0.17,0.18,0.33,0.66,0.67,0.68,0.7
5/03/2012,0.21,0.21,0.21,0.42,0.72,0.73,0.75,0.77
6/03/2012,0.27,0.26,0.27,0.54,0.81,0.83,0.85,0.88
7/03/2012,0.31,0.29,0.3,0.62,0.87,0.9,0.91,0.95
8/03/2012,0.34,0.32,0.33,0.68,0.92,0.94,0.96,1
9/03/2012,0.38,0.36,0.37,0.7,0.93,0.95,0.97,1
10/03/2012,0.45,0.42,0.43,0.73,0.94,0.96,0.97,1
11/03/2012,0.52,0.49,0.49,0.76,0.96,0.97,0.98,1
12/03/2012,0.58,0.55,0.56,0.79,0.97,0.98,0.99,1
13/03/2012,0.62,0.59,0.59,0.81,0.98,0.99,0.99,1
14/03/2012,0.69,0.65,0.65,0.84,1,1,1,1
15/03/2012,0.72,0.68,0.69,0.85,1,1,1,1
16/03/2012,0.76,0.72,0.73,0.86,1,1,1,1
17/03/2012,0.8,0.77,0.77,0.88,1,1,1,1
18/03/2012,0.84,0.81,0.82,0.89,1,1,1,1
19/03/2012,0.86,0.84,0.84,0.9,1,1,1,1
20/03/2012,0.88,0.86,0.87,0.91,1,1,1,1
21/03/2012,0.91,0.89,0.89,0.92,1,1,1,1
22/03/2012,0.95,0.94,0.94,0.94,1,1,1,1
23/03/2012,0.95,0.94,0.95,0.94,1,1,1,1
24/03/2012,0.96,0.95,0.95,0.94,1,1,1,1
25/03/2012,0.96,0.95,0.95,0.94,1,1,1,1
26/03/2012,0.96,0.95,0.95,0.93,1,1,1,1
27/03/2012,0.96,0.95,0.96,0.93,1,1,1,1
28/03/2012,0.96,0.96,0.96,0.93,1,1,1,1
29/03/2012,0.97,0.96,0.96,0.93,1,1,1,1
30/03/2012,0.97,0.96,0.96,0.93,1,1,1,1
31/03/2012,0.97,0.96,0.97,0.93,1,1,1,1
1/04/2012,0.97,0.97,0.97,0.93,1,1,1,1
2/04/2012,0.98,0.97,0.97,0.93,1,1,1,1
3/04/2012,0.98,0.97,0.97,0.93,0.45,0.45,0.45,0.45
4/04/2012,0.98,0.97,0.98,0.93,0.5,0.5,0.5,0.49
5/04/2012,0.98,0.98,0.98,0.93,0.55,0.54,0.55,0.53
6/04/2012,0.98,0.98,0.98,0.93,0.61,0.6,0.6,0.57
7/04/2012,0.99,0.98,0.98,0.93,0.67,0.65,0.66,0.62
8/04/2012,0.99,0.98,0.99,0.93,0.72,0.71,0.71,0.66
9/04/2012,0.99,0.99,0.99,0.93,0.78,0.76,0.77,0.71
10/04/2012,0.99,0.99,0.99,0.93,0.86,0.84,0.84,0.77
11/04/2012,0.99,0.99,0.99,0.92,0.9,0.87,0.88,0.8
12/04/2012,1,0.99,1,0.92,0.94,0.91,0.91,0.83
13/04/2012,1,1,1,0.92,1,0.97,0.97,0.88
14/04/2012,1,1,1,0.92,1,0.97,0.98,0.89
15/04/2012,1,1,1,0.92,1,0.97,0.98,0.9
16/04/2012,1,1,1,0.92,1,0.98,0.98,0.92
17/04/2012,1,1,1,0.92,1,0.98,0.98,0.93
18/04/2012,1,1,1,0.92,1,0.98,0.99,0.94
19/04/2012,1,1,1,0.92,1,0.99,0.99,0.95
20/04/2012,1,1,1,0.92,1,0.99,0.99,0.96
21/04/2012,1,1,1,0.92,1,0.99,0.99,0.97
22/04/2012,1,1,1,0.92,1,1,1,0.99
23/04/2012,1,1,1,0.93,1,1,1,1
24/04/2012,1,1,1,0.91,1,1,1,1
25/04/2012,1,1,1,0.9,1,1,1,1
26/04/2012,0.99,0.99,0.99,0.88,1,1,1,1
27/04/2012,0.99,0.99,0.99,0.87,1,1,1,1
28/04/2012,0.99,0.99,0.99,0.85,1,1,1,1
29/04/2012,0.99,0.99,0.99,0.84,1,1,1,1
30/04/2012,0.99,0.99,0.99,0.83,1,1,1,1
1/05/2012,0.99,0.99,0.98,0.82,1,1,1,1
2/05/2012,0.99,0.98,0.98,0.81,1,1,1,1
3/05/2012,0.98,0.98,0.98,0.81,1,1,1,1
4/05/2012,0.98,0.98,0.98,0.8,1,1,1,1
5/05/2012,0.98,0.98,0.98,0.79,1,1,1,1
6/05/2012,0.98,0.98,0.98,0.78,1,1,1,1
7/05/2012,0.98,0.98,0.98,0.76,1,1,1,1
8/05/2012,0.98,0.98,0.97,0.75,1,1,1,1
9/05/2012,0.98,0.97,0.97,0.74,1,1,1,1
10/05/2012,0.97,0.97,0.97,0.73,1,1,1,1
11/05/2012,0.97,0.97,0.97,0.72,1,1,1,1
12/05/2012,0.97,0.97,0.97,0.72,1,1,1,1
13/05/2012,0.97,0.97,0.97,0.7,1,1,1,1
14/05/2012,0.97,0.97,0.96,0.69,1,1,1,1
15/05/2012,0.97,0.96,0.96,0.68,1,1,1,1
16/05/2012,0.97,0.96,0.96,0.67,1,1,1,1
17/05/2012,0.97,0.96,0.96,0.66,1,1,1,1
18/05/2012,0.97,0.96,0.96,0.66,1,1,1,1
19/05/2012,0.97,0.96,0.96,0.66,1,1,1,1
20/05/2012,0.97,0.96,0.96,0.66,1,1,1,1
21/05/2012,0.97,0.96,0.96,0.66,1,1,1,1
22/05/2012,0.97,0.96,0.96,0.66,1,1,1,1
23/05/2012,0.05,0.05,0.05,0.05,0.45,0.45,0.45,0.45
24/05/2012,0.06,0.06,0.06,0.06,0.46,0.46,0.46,0.46
25/05/2012,0.06,0.06,0.06,0.07,0.47,0.47,0.47,0.47
26/05/2012,0.07,0.07,0.07,0.08,0.47,0.47,0.47,0.47
27/05/2012,0.08,0.08,0.09,0.09,0.49,0.49,0.49,0.49
28/05/2012,0.09,0.09,0.09,0.11,0.5,0.5,0.5,0.5
29/05/2012,0.09,0.09,0.1,0.11,0.5,0.5,0.5,0.5
30/05/2012,0.1,0.09,0.1,0.12,0.51,0.51,0.51,0.51
31/05/2012,0.11,0.1,0.11,0.12,0.51,0.51,0.51,0.51
1/06/2012,0.11,0.1,0.11,0.13,0.52,0.52,0.52,0.52
2/06/2012,0.12,0.11,0.12,0.14,0.52,0.52,0.52,0.52
3/06/2012,0.12,0.11,0.13,0.15,0.53,0.53,0.53,0.53
4/06/2012,0.13,0.12,0.13,0.15,0.54,0.54,0.54,0.53
5/06/2012,0.13,0.12,0.14,0.16,0.54,0.54,0.54,0.54
6/06/2012,0.14,0.13,0.14,0.16,0.54,0.54,0.54,0.54
7/06/2012,0.14,0.12,0.14,0.16,0.54,0.54,0.54,0.54
8/06/2012,0.14,0.13,0.14,0.17,0.55,0.55,0.55,0.55
9/06/2012,0.14,0.13,0.15,0.17,0.55,0.55,0.55,0.55
10/06/2012,0.15,0.14,0.15,0.18,0.56,0.56,0.56,0.56
11/06/2012,0.15,0.14,0.16,0.19,0.56,0.56,0.56,0.56
12/06/2012,0.15,0.14,0.16,0.19,0.57,0.57,0.57,0.56
13/06/2012,0.16,0.15,0.16,0.2,0.57,0.57,0.57,0.57
14/06/2012,0.16,0.15,0.17,0.2,0.58,0.58,0.58,0.57
15/06/2012,0.17,0.15,0.17,0.2,0.58,0.58,0.58,0.58
16/06/2012,0.17,0.15,0.17,0.21,0.58,0.58,0.58,0.58
17/06/2012,0.17,0.15,0.17,0.21,0.58,0.58,0.58,0.58
18/06/2012,0.17,0.16,0.18,0.21,0.58,0.58,0.58,0.58
19/06/2012,0.17,0.16,0.18,0.21,0.59,0.59,0.59,0.58
20/06/2012,0.18,0.16,0.18,0.22,0.59,0.59,0.59,0.59
21/06/2012,0.18,0.17,0.19,0.23,0.59,0.59,0.59,0.59
22/06/2012,0.18,0.17,0.19,0.23,0.6,0.6,0.6,0.6
23/06/2012,0.19,0.18,0.2,0.24,0.61,0.61,0.61,0.61
24/06/2012,0.2,0.18,0.2,0.25,0.61,0.61,0.61,0.61
25/06/2012,0.2,0.18,0.21,0.25,0.62,0.62,0.62,0.62
26/06/2012,0.21,0.19,0.21,0.26,0.62,0.62,0.62,0.62
27/06/2012,0.21,0.19,0.21,0.26,0.62,0.62,0.62,0.62
28/06/2012,0.21,0.19,0.22,0.26,0.63,0.63,0.63,0.63
29/06/2012,0.21,0.19,0.22,0.27,0.63,0.63,0.63,0.63
30/06/2012,0.22,0.2,0.22,0.27,0.63,0.63,0.63,0.63
1/07/2012,0.22,0.2,0.22,0.27,0.63,0.63,0.63,0.63
2/07/2012,0.22,0.2,0.23,0.28,0.64,0.64,0.64,0.64
3/07/2012,0.22,0.2,0.23,0.28,0.64,0.64,0.64,0.64
4/07/2012,0.23,0.2,0.23,0.28,0.64,0.64,0.64,0.64
5/07/2012,0.23,0.21,0.24,0.29,0.65,0.65,0.65,0.65
6/07/2012,0.23,0.21,0.24,0.29,0.65,0.65,0.65,0.65
7/07/2012,0.24,0.21,0.24,0.3,0.66,0.66,0.66,0.65
8/07/2012,0.24,0.22,0.25,0.3,0.66,0.66,0.66,0.66
9/07/2012,0.24,0.22,0.25,0.31,0.66,0.66,0.66,0.66
10/07/2012,0.25,0.22,0.26,0.31,0.67,0.67,0.67,0.67
11/07/2012,0.25,0.23,0.26,0.32,0.67,0.67,0.67,0.67
12/07/2012,0.26,0.23,0.27,0.33,0.68,0.68,0.68,0.68
13/07/2012,0.27,0.24,0.28,0.34,0.69,0.69,0.69,0.69
14/07/2012,0.27,0.25,0.28,0.35,0.7,0.7,0.7,0.69
15/07/2012,0.28,0.25,0.29,0.36,0.71,0.71,0.71,0.7
16/07/2012,0.29,0.26,0.3,0.37,0.72,0.72,0.72,0.72
17/07/2012,0.3,0.27,0.31,0.38,0.72,0.72,0.72,0.72
18/07/2012,0.3,0.27,0.31,0.39,0.73,0.73,0.73,0.73
19/07/2012,0.31,0.28,0.32,0.39,0.74,0.74,0.74,0.73
20/07/2012,0.31,0.28,0.32,0.4,0.74,0.74,0.74,0.74
21/07/2012,0.32,0.28,0.33,0.4,0.74,0.74,0.74,0.74
22/07/2012,0.32,0.29,0.33,0.41,0.75,0.75,0.75,0.74
23/07/2012,0.33,0.29,0.34,0.42,0.75,0.75,0.75,0.75
24/07/2012,0.33,0.29,0.34,0.42,0.76,0.76,0.76,0.75
25/07/2012,0.33,0.3,0.34,0.43,0.76,0.76,0.76,0.76
26/07/2012,0.33,0.3,0.35,0.43,0.76,0.76,0.76,0.76
27/07/2012,0.34,0.3,0.35,0.43,0.77,0.77,0.77,0.77
28/07/2012,0.34,0.31,0.36,0.44,0.77,0.77,0.77,0.77
29/07/2012,0.35,0.31,0.36,0.45,0.78,0.78,0.78,0.78
30/07/2012,0.36,0.32,0.37,0.46,0.79,0.79,0.79,0.79
31/07/2012,0.37,0.33,0.38,0.47,0.8,0.8,0.8,0.79
1/08/2012,0.37,0.33,0.38,0.48,0.8,0.8,0.8,0.8
2/08/2012,0.38,0.34,0.39,0.49,0.81,0.81,0.81,0.81
3/08/2012,0.39,0.34,0.4,0.5,0.82,0.82,0.82,0.82
4/08/2012,0.39,0.35,0.41,0.51,0.83,0.83,0.83,0.83
5/08/2012,0.4,0.36,0.42,0.52,0.84,0.84,0.84,0.83
6/08/2012,0.41,0.37,0.42,0.53,0.85,0.85,0.85,0.84
7/08/2012,0.42,0.37,0.43,0.54,0.85,0.85,0.85,0.85
8/08/2012,0.42,0.38,0.44,0.54,0.86,0.86,0.86,0.86
9/08/2012,0.43,0.38,0.44,0.55,0.87,0.87,0.87,0.86
10/08/2012,0.43,0.38,0.45,0.56,0.87,0.87,0.87,0.87
11/08/2012,0.44,0.39,0.46,0.57,0.88,0.88,0.88,0.88
12/08/2012,0.45,0.4,0.46,0.58,0.89,0.89,0.89,0.88
13/08/2012,0.45,0.4,0.47,0.58,0.89,0.89,0.89,0.89
14/08/2012,0.46,0.41,0.47,0.59,0.9,0.9,0.9,0.89
15/08/2012,0.46,0.41,0.48,0.6,0.91,0.91,0.91,0.9
16/08/2012,0.47,0.42,0.49,0.61,0.91,0.91,0.91,0.91
17/08/2012,0.48,0.42,0.49,0.62,0.92,0.92,0.92,0.91
18/08/2012,0.48,0.43,0.5,0.62,0.92,0.92,0.92,0.92
19/08/2012,0.48,0.43,0.5,0.63,0.93,0.93,0.93,0.92
20/08/2012,0.49,0.43,0.51,0.63,0.93,0.93,0.93,0.93
21/08/2012,0.5,0.44,0.51,0.64,0.94,0.94,0.94,0.94
22/08/2012,0.5,0.44,0.52,0.65,0.95,0.95,0.95,0.94
23/08/2012,0.51,0.45,0.52,0.66,0.95,0.95,0.95,0.95
24/08/2012,0.51,0.46,0.53,0.67,0.96,0.96,0.96,0.95
25/08/2012,0.52,0.46,0.54,0.68,0.97,0.97,0.97,0.96
26/08/2012,0.53,0.47,0.55,0.69,0.98,0.98,0.98,0.98
27/08/2012,0.54,0.48,0.56,0.7,0.99,0.99,0.99,0.99
28/08/2012,0.54,0.48,0.56,0.71,0.99,0.99,0.99,0.99
29/08/2012,0.55,0.49,0.57,0.72,1,1,1,1
30/08/2012,0.56,0.51,0.58,0.73,1,1,1,1
31/08/2012,0.58,0.53,0.6,0.74,1,1,1,1
1/09/2012,0.59,0.55,0.61,0.75,1,1,1,1
2/09/2012,0.61,0.57,0.63,0.76,1,1,1,1
3/09/2012,0.62,0.59,0.64,0.78,1,1,1,1
4/09/2012,0.64,0.61,0.66,0.79,1,1,1,1
5/09/2012,0.65,0.63,0.67,0.8,1,1,1,1
6/09/2012,0.67,0.65,0.69,0.81,0.45,0.45,0.45,0.45
7/09/2012,0.68,0.67,0.7,0.83,0.52,0.58,0.57,0.58
8/09/2012,0.7,0.69,0.72,0.84,0.53,0.59,0.58,0.59
9/09/2012,0.71,0.71,0.73,0.85,0.55,0.6,0.59,0.6
10/09/2012,0.72,0.72,0.74,0.85,0.56,0.61,0.6,0.61
11/09/2012,0.73,0.73,0.74,0.85,0.56,0.62,0.6,0.61
12/09/2012,0.74,0.74,0.75,0.86,0.57,0.62,0.61,0.61
13/09/2012,0.74,0.75,0.76,0.86,0.58,0.63,0.61,0.62
14/09/2012,0.75,0.76,0.77,0.87,0.62,0.67,0.65,0.66
15/09/2012,0.77,0.77,0.78,0.87,0.66,0.71,0.69,0.7
16/09/2012,0.78,0.78,0.8,0.88,0.7,0.75,0.73,0.73
17/09/2012,0.79,0.8,0.81,0.89,0.75,0.8,0.77,0.78
18/09/2012,0.8,0.8,0.82,0.89,0.78,0.83,0.8,0.8
19/09/2012,0.81,0.81,0.83,0.9,0.81,0.86,0.83,0.83
20/09/2012,0.82,0.82,0.84,0.9,0.82,0.87,0.84,0.84
21/09/2012,0.82,0.83,0.85,0.91,0.84,0.88,0.85,0.85
22/09/2012,0.83,0.84,0.85,0.91,0.85,0.88,0.86,0.86
23/09/2012,0.84,0.85,0.86,0.92,0.86,0.89,0.87,0.87
24/09/2012,0.85,0.85,0.87,0.92,0.87,0.9,0.88,0.88
25/09/2012,0.86,0.87,0.88,0.93,0.89,0.92,0.9,0.9
26/09/2012,0.88,0.89,0.9,0.94,0.91,0.93,0.92,0.92
27/09/2012,0.89,0.9,0.91,0.94,0.93,0.94,0.93,0.93
28/09/2012,0.9,0.91,0.92,0.95,0.94,0.96,0.95,0.95
29/09/2012,0.92,0.93,0.93,0.96,0.96,0.97,0.96,0.96
30/09/2012,0.93,0.95,0.95,0.97,0.98,0.99,0.99,0.99
1/10/2012,0.95,0.96,0.96,0.98,1,1,1,1
2/10/2012,0.95,0.96,0.96,0.98,1,1,1,1
3/10/2012,0.95,0.96,0.96,0.98,1,1,1,1
4/10/2012,0.95,0.97,0.97,0.98,1,1,1,1
5/10/2012,0.96,0.97,0.97,0.98,1,1,1,1
6/10/2012,0.96,0.97,0.97,0.98,1,1,1,1
7/10/2012,0.96,0.97,0.97,0.98,1,1,1,1
8/10/2012,0.97,0.98,0.98,0.98,1,1,1,1
9/10/2012,0.97,0.98,0.98,0.98,1,1,1,1
10/10/2012,0.97,0.98,0.98,0.99,1,1,1,1
11/10/2012,0.98,0.98,0.98,0.99,1,1,1,1
12/10/2012,0.98,0.99,0.99,0.99,1,1,1,1
13/10/2012,0.98,0.99,0.99,0.99,1,1,1,1
14/10/2012,0.99,0.99,0.99,0.99,1,1,1,1
15/10/2012,0.99,0.99,0.99,0.99,1,1,1,1
16/10/2012,0.99,1,1,0.99,0.45,0.45,0.45,0.45
17/10/2012,0.99,1,1,0.99,0.57,0.58,0.56,0.6
18/10/2012,1,1,1,0.99,0.62,0.63,0.62,0.65
19/10/2012,1,1,1,0.99,0.65,0.66,0.65,0.68
20/10/2012,1,1,1,0.99,0.69,0.7,0.69,0.72
21/10/2012,1,1,1,0.99,0.74,0.75,0.75,0.76
22/10/2012,1,1,1,0.99,0.76,0.77,0.77,0.78
23/10/2012,1,1,1,0.99,0.78,0.79,0.8,0.8
24/10/2012,1,1,1,0.99,0.83,0.83,0.84,0.84
25/10/2012,1,1,1,0.99,0.88,0.88,0.9,0.89
26/10/2012,1,1,1,0.99,0.9,0.9,0.91,0.9
27/10/2012,1,1,1,0.99,0.91,0.91,0.92,0.92
28/10/2012,1,1,1,0.99,0.93,0.93,0.94,0.93
29/10/2012,1,1,1,0.99,0.94,0.94,0.95,0.95
30/10/2012,1,1,1,0.99,0.96,0.96,0.96,0.96
31/10/2012,0.05,0.05,0.05,0.05,0.97,0.97,0.97,0.97
1/11/2012,0.51,0.5,0.48,0.47,0.99,0.99,0.99,0.99
2/11/2012,0.48,0.47,0.44,0.44,1,1,1,1
3/11/2012,0.46,0.46,0.43,0.43,1,1,1,1
4/11/2012,0.44,0.44,0.41,0.42,1,1,1,1
5/11/2012,0.43,0.43,0.4,0.41,1,1,1,1
6/11/2012,0.42,0.42,0.38,0.4,1,1,1,1
7/11/2012,0.41,0.41,0.37,0.39,1,1,1,1
8/11/2012,0.39,0.4,0.35,0.38,1,1,1,1
9/11/2012,0.45,0.45,0.42,0.44,1,1,1,1
10/11/2012,0.51,0.5,0.48,0.49,1,1,1,1
11/11/2012,0.57,0.56,0.54,0.55,1,1,1,1
12/11/2012,0.61,0.59,0.59,0.59,1,1,1,1
13/11/2012,0.65,0.63,0.63,0.63,1,1,1,1
14/11/2012,0.7,0.68,0.68,0.67,1,1,1,1
15/11/2012,0.73,0.71,0.71,0.7,1,1,1,1
16/11/2012,0.76,0.74,0.75,0.73,1,1,1,1
17/11/2012,0.79,0.77,0.78,0.76,1,1,1,1
18/11/2012,0.82,0.8,0.81,0.79,1,1,1,1
19/11/2012,0.85,0.83,0.84,0.82,0.45,0.45,0.45,0.45
20/11/2012,0.88,0.86,0.87,0.85,0.46,0.46,0.46,0.45
21/11/2012,0.91,0.89,0.9,0.88,0.48,0.46,0.46,0.45
22/11/2012,0.94,0.93,0.93,0.91,0.49,0.47,0.47,0.45
23/11/2012,0.97,0.96,0.97,0.94,0.51,0.48,0.48,0.45
24/11/2012,1,0.99,1,0.97,0.54,0.5,0.51,0.45
25/11/2012,1,0.99,1,0.97,0.58,0.53,0.54,0.45
26/11/2012,1,0.99,1,0.97,0.61,0.55,0.56,0.46
27/11/2012,1,0.99,1,0.97,0.64,0.57,0.58,0.46
28/11/2012,1,0.99,1,0.97,0.67,0.59,0.61,0.46
29/11/2012,1,1,1,0.97,0.69,0.6,0.62,0.46
30/11/2012,1,1,1,0.97,0.71,0.62,0.63,0.46
1/12/2012,1,1,1,0.96,0.73,0.63,0.65,0.46
2/12/2012,1,1,1,0.96,0.77,0.66,0.68,0.47
3/12/2012,1,1,1,0.96,0.81,0.69,0.71,0.47
4/12/2012,1,1,1,0.95,0.82,0.71,0.73,0.49
5/12/2012,1,1,1,0.94,0.84,0.74,0.75,0.51
6/12/2012,1,1,1,0.94,0.85,0.75,0.77,0.53
7/12/2012,1,1,1,0.93,0.86,0.77,0.78,0.54
8/12/2012,1,1,1,0.92,0.87,0.79,0.8,0.56
9/12/2012,1,1,1,0.91,0.89,0.82,0.83,0.58
10/12/2012,1,1,1,0.9,0.9,0.84,0.85,0.6
11/12/2012,1,1,1,0.9,0.91,0.86,0.87,0.61
12/12/2012,1,1,1,0.89,0.93,0.88,0.89,0.63
13/12/2012,1,1,1,0.88,0.94,0.9,0.9,0.64
14/12/2012,1,1,1,0.87,0.95,0.92,0.93,0.67
15/12/2012,1,1,1,0.86,0.97,0.94,0.95,0.68
16/12/2012,1,1,1,0.85,0.98,0.97,0.97,0.71
17/12/2012,1,1,1,0.84,1,1,1,0.73
18/12/2012,1,1,1,0.84,1,1,1,0.73
19/12/2012,0.05,0.05,0.05,0.24,0.45,0.45,0.45,0.26
20/12/2012,0.11,0.11,0.09,0.24,0.48,0.46,0.47,0.26
21/12/2012,0.17,0.17,0.14,0.24,0.52,0.48,0.5,0.26
22/12/2012,0.23,0.23,0.19,0.24,0.56,0.5,0.52,0.26
23/12/2012,0.3,0.29,0.23,0.24,0.6,0.51,0.54,0.26
24/12/2012,0.36,0.35,0.28,0.23,0.63,0.53,0.56,0.27
25/12/2012,0.43,0.42,0.33,0.23,0.67,0.55,0.59,0.27
26/12/2012,0.48,0.46,0.37,0.23,0.7,0.56,0.6,0.27
27/12/2012,0.53,0.51,0.4,0.23,0.74,0.57,0.62,0.27
28/12/2012,0.59,0.57,0.45,0.23,0.77,0.59,0.65,0.27
29/12/2012,0.66,0.64,0.5,0.23,0.81,0.61,0.67,0.27
30/12/2012,0.73,0.71,0.55,0.23,0.86,0.62,0.7,0.27
31/12/2012,0.79,0.76,0.59,0.23,0.89,0.64,0.72,0.27
1/01/2013,0.86,0.83,0.65,0.23,0.93,0.66,0.74,0.28
2/01/2013,0.92,0.9,0.7,0.23,0.97,0.67,0.77,0.28
3/01/2013,0.97,0.94,0.73,0.23,1,0.69,0.79,0.28
4/01/2013,0.98,0.95,0.76,0.23,1,0.72,0.78,0.26
5/01/2013,0.98,0.96,0.8,0.23,1,0.78,0.77,0.23
6/01/2013,0.99,0.96,0.83,0.23,1,0.83,0.77,0.2
7/01/2013,0.99,0.97,0.87,0.23,1,0.88,0.76,0.18
8/01/2013,1,0.98,0.9,0.23,1,0.93,0.76,0.16
9/01/2013,1,0.98,0.91,0.24,1,0.94,0.79,0.17
10/01/2013,1,0.98,0.92,0.25,1,0.95,0.81,0.19
11/01/2013,1,0.98,0.92,0.26,1,0.96,0.84,0.2
12/01/2013,1,0.99,0.93,0.27,1,0.96,0.87,0.22
13/01/2013,1,0.99,0.94,0.29,1,0.97,0.9,0.23
14/01/2013,1,0.99,0.95,0.29,1,0.98,0.92,0.25
15/01/2013,1,0.99,0.95,0.3,1,0.98,0.93,0.25
16/01/2013,1,1,0.96,0.31,1,0.99,0.95,0.27
17/01/2013,1,1,0.96,0.32,1,0.99,0.96,0.27
18/01/2013,1,1,0.96,0.32,1,1,0.98,0.28
19/01/2013,1,1,0.96,0.31,1,1,0.98,0.25
20/01/2013,1,1,0.96,0.3,1,1,0.98,0.23
21/01/2013,1,1,0.96,0.29,1,1,0.98,0.21
22/01/2013,1,1,0.96,0.28,1,1,0.98,0.18
23/01/2013,0.05,0.05,0.05,0.28,0.45,0.45,0.45,0.18
24/01/2013,0.15,0.14,0.14,0.28,0.59,0.6,0.58,0.18
25/01/2013,0.25,0.23,0.22,0.28,0.73,0.75,0.7,0.18
26/01/2013,0.28,0.25,0.24,0.27,0.74,0.74,0.69,0.17
27/01/2013,0.31,0.28,0.27,0.25,0.75,0.74,0.69,0.15
28/01/2013,0.34,0.3,0.29,0.23,0.75,0.73,0.68,0.14
29/01/2013,0.38,0.33,0.31,0.22,0.76,0.73,0.68,0.13
30/01/2013,0.41,0.35,0.34,0.2,0.77,0.72,0.67,0.11
31/01/2013,0.45,0.38,0.37,0.18,0.78,0.72,0.67,0.1
1/02/2013,0.54,0.48,0.46,0.2,0.82,0.74,0.69,0.11
2/02/2013,0.62,0.57,0.54,0.22,0.85,0.76,0.72,0.11
3/02/2013,0.7,0.66,0.63,0.23,0.89,0.79,0.74,0.12
4/02/2013,0.77,0.73,0.69,0.25,0.92,0.81,0.76,0.12
5/02/2013,0.82,0.78,0.74,0.26,0.94,0.82,0.77,0.13
6/02/2013,0.87,0.84,0.8,0.27,0.96,0.83,0.79,0.13
7/02/2013,0.93,0.9,0.86,0.28,0.98,0.85,0.81,0.14
8/02/2013,0.93,0.91,0.87,0.28,0.98,0.86,0.82,0.14
9/02/2013,0.94,0.92,0.88,0.28,0.99,0.87,0.84,0.14
10/02/2013,0.95,0.93,0.89,0.29,0.99,0.89,0.86,0.15
11/02/2013,0.95,0.94,0.91,0.29,0.99,0.9,0.87,0.15
12/02/2013,0.96,0.95,0.92,0.29,0.99,0.91,0.89,0.15
13/02/2013,0.96,0.95,0.93,0.29,0.99,0.92,0.9,0.16
14/02/2013,0.97,0.96,0.94,0.29,0.99,0.93,0.92,0.16
15/02/2013,0.98,0.97,0.95,0.29,0.99,0.94,0.93,0.16
16/02/2013,0.98,0.98,0.97,0.29,1,0.96,0.95,0.17
17/02/2013,0.99,0.98,0.98,0.29,1,0.97,0.96,0.17
18/02/2013,0.99,0.99,0.99,0.29,1,0.98,0.98,0.17
19/02/2013,1,1,1,0.29,1,0.99,1,0.18
20/02/2013,1,1,1,0.29,1,0.99,1,0.18
21/02/2013,1,1,1,0.29,1,0.99,1,0.18
22/02/2013,1,1,1,0.29,1,0.99,1,0.18
23/02/2013,1,1,1,0.29,1,0.99,1,0.18
24/02/2013,1,1,1,0.29,1,0.99,1,0.18
25/02/2013,1,1,1,0.29,1,0.99,1,0.18
26/02/2013,1,1,1,0.29,1,0.99,1,0.18
27/02/2013,0.05,0.05,0.05,0.29,0.45,0.45,0.45,0.18
28/02/2013,0.1,0.1,0.12,0.29,0.54,0.54,0.55,0.18
1/03/2013,0.13,0.14,0.17,0.29,0.61,0.6,0.62,0.19
2/03/2013,0.18,0.19,0.23,0.29,0.7,0.69,0.71,0.2
3/03/2013,0.21,0.22,0.28,0.29,0.76,0.75,0.78,0.2
4/03/2013,0.25,0.26,0.33,0.29,0.83,0.81,0.85,0.21
5/03/2013,0.29,0.3,0.38,0.29,0.91,0.89,0.93,0.21
6/03/2013,0.34,0.35,0.43,0.3,0.91,0.89,0.93,0.23
7/03/2013,0.39,0.4,0.47,0.31,0.92,0.9,0.94,0.24
8/03/2013,0.44,0.45,0.52,0.32,0.93,0.91,0.94,0.26
9/03/2013,0.49,0.5,0.56,0.34,0.93,0.92,0.95,0.28
10/03/2013,0.53,0.54,0.6,0.35,0.94,0.92,0.95,0.29
11/03/2013,0.57,0.58,0.63,0.36,0.94,0.93,0.96,0.3
12/03/2013,0.62,0.63,0.67,0.37,0.95,0.94,0.96,0.31
13/03/2013,0.67,0.68,0.72,0.38,0.96,0.95,0.97,0.33
14/03/2013,0.73,0.73,0.77,0.39,0.96,0.96,0.97,0.35
15/03/2013,0.77,0.78,0.8,0.4,0.97,0.96,0.98,0.36
16/03/2013,0.82,0.82,0.84,0.42,0.98,0.97,0.98,0.37
17/03/2013,0.87,0.87,0.89,0.43,0.98,0.98,0.99,0.39
18/03/2013,0.9,0.91,0.92,0.44,0.99,0.98,0.99,0.4
19/03/2013,0.93,0.94,0.94,0.44,0.99,0.99,0.99,0.41
20/03/2013,0.97,0.97,0.97,0.45,1,0.99,1,0.42
21/03/2013,1,1,1,0.46,1,1,1,0.43
22/03/2013,1,1,1,0.46,1,1,1,0.43
23/03/2013,1,1,1,0.46,1,1,1,0.43
24/03/2013,1,1,1,0.46,1,1,1,0.43
25/03/2013,1,1,1,0.46,1,1,1,0.43
26/03/2013,1,1,1,0.46,1,1,1,0.43
27/03/2013,0.05,0.05,0.05,0.46,0.45,0.45,0.45,0.43
28/03/2013,0.11,0.1,0.11,0.49,0.49,0.5,0.51,0.44
29/03/2013,0.18,0.16,0.17,0.52,0.53,0.55,0.58,0.45
30/03/2013,0.25,0.22,0.24,0.56,0.58,0.61,0.64,0.46
31/03/2013,0.32,0.28,0.31,0.59,0.63,0.66,0.72,0.48
1/04/2013,0.38,0.33,0.37,0.62,0.66,0.71,0.77,0.49
2/04/2013,0.45,0.39,0.43,0.66,0.71,0.76,0.84,0.5
3/04/2013,0.47,0.41,0.45,0.67,0.72,0.77,0.85,0.52
4/04/2013,0.48,0.43,0.47,0.67,0.73,0.78,0.85,0.54
5/04/2013,0.5,0.44,0.48,0.68,0.74,0.79,0.86,0.55
6/04/2013,0.51,0.46,0.49,0.68,0.74,0.79,0.86,0.56
7/04/2013,0.52,0.47,0.51,0.69,0.75,0.8,0.86,0.58
8/04/2013,0.53,0.48,0.52,0.7,0.76,0.81,0.87,0.59
9/04/2013,0.54,0.5,0.54,0.7,0.77,0.81,0.87,0.6
10/04/2013,0.56,0.51,0.55,0.71,0.78,0.82,0.88,0.61
11/04/2013,0.57,0.53,0.57,0.72,0.79,0.83,0.88,0.63
12/04/2013,0.59,0.55,0.59,0.73,0.8,0.84,0.89,0.65
13/04/2013,0.61,0.57,0.6,0.73,0.81,0.84,0.9,0.67
14/04/2013,0.62,0.59,0.62,0.74,0.82,0.85,0.9,0.69
15/04/2013,0.65,0.61,0.65,0.75,0.83,0.86,0.91,0.71
16/04/2013,0.66,0.63,0.66,0.76,0.84,0.87,0.91,0.73
17/04/2013,0.68,0.65,0.68,0.77,0.85,0.88,0.92,0.74
18/04/2013,0.69,0.66,0.69,0.78,0.86,0.89,0.92,0.76
19/04/2013,0.7,0.68,0.71,0.78,0.87,0.89,0.93,0.77
20/04/2013,0.71,0.69,0.72,0.79,0.88,0.9,0.93,0.78
21/04/2013,0.73,0.71,0.74,0.8,0.89,0.91,0.94,0.8
22/04/2013,0.74,0.72,0.75,0.8,0.89,0.91,0.94,0.81
23/04/2013,0.76,0.74,0.77,0.81,0.9,0.92,0.95,0.83
24/04/2013,0.77,0.76,0.79,0.82,0.91,0.93,0.95,0.85
25/04/2013,0.79,0.78,0.8,0.83,0.92,0.94,0.96,0.87
26/04/2013,0.8,0.79,0.82,0.83,0.93,0.95,0.96,0.88
27/04/2013,0.82,0.81,0.84,0.84,0.94,0.95,0.97,0.9
28/04/2013,0.84,0.83,0.86,0.85,0.96,0.97,0.98,0.92
29/04/2013,0.86,0.86,0.88,0.86,0.97,0.98,0.98,0.94
30/04/2013,0.87,0.87,0.89,0.87,0.98,0.98,0.99,0.95
1/05/2013,0.88,0.88,0.91,0.87,0.98,0.99,0.99,0.96
2/05/2013,0.9,0.89,0.92,0.88,0.99,0.99,0.99,0.98
3/05/2013,0.91,0.91,0.94,0.89,1,1,1,0.99
4/05/2013,0.91,0.91,0.94,0.89,1,1,1,0.99
5/05/2013,0.91,0.91,0.94,0.89,1,1,1,0.99
6/05/2013,0.91,0.91,0.94,0.89,1,1,1,0.99
7/05/2013,0.91,0.91,0.94,0.89,1,1,1,0.99
8/05/2013,0.91,0.91,0.94,0.89,1,1,1,0.99
9/05/2013,0.05,0.05,0.05,0.05,0.45,0.45,0.45,0.45
10/05/2013,0.06,0.06,0.06,0.06,0.46,0.46,0.46,0.46
11/05/2013,0.07,0.07,0.07,0.07,0.46,0.46,0.46,0.46
12/05/2013,0.08,0.08,0.08,0.09,0.47,0.47,0.47,0.47
13/05/2013,0.09,0.09,0.09,0.1,0.48,0.48,0.48,0.48
14/05/2013,0.1,0.1,0.1,0.11,0.49,0.49,0.49,0.49
15/05/2013,0.11,0.11,0.11,0.12,0.5,0.5,0.5,0.5
16/05/2013,0.12,0.12,0.12,0.13,0.5,0.5,0.5,0.5
17/05/2013,0.13,0.13,0.13,0.15,0.51,0.51,0.51,0.51
18/05/2013,0.14,0.14,0.14,0.16,0.52,0.52,0.52,0.52
19/05/2013,0.15,0.15,0.15,0.17,0.53,0.53,0.53,0.53
20/05/2013,0.16,0.16,0.16,0.18,0.53,0.53,0.53,0.53
21/05/2013,0.17,0.17,0.17,0.19,0.54,0.54,0.54,0.54
22/05/2013,0.18,0.18,0.19,0.2,0.55,0.55,0.55,0.55
23/05/2013,0.19,0.19,0.19,0.21,0.56,0.56,0.56,0.56
24/05/2013,0.2,0.2,0.2,0.22,0.56,0.56,0.56,0.56
25/05/2013,0.21,0.21,0.21,0.24,0.57,0.57,0.57,0.57
26/05/2013,0.22,0.22,0.23,0.25,0.58,0.58,0.58,0.58
27/05/2013,0.23,0.22,0.23,0.26,0.58,0.58,0.58,0.58
28/05/2013,0.23,0.23,0.23,0.26,0.59,0.59,0.59,0.59
29/05/2013,0.24,0.23,0.24,0.27,0.59,0.59,0.59,0.59
30/05/2013,0.24,0.24,0.25,0.28,0.6,0.6,0.6,0.6
31/05/2013,0.25,0.25,0.26,0.29,0.6,0.6,0.6,0.6
1/06/2013,0.26,0.26,0.27,0.3,0.61,0.61,0.61,0.61
2/06/2013,0.28,0.27,0.28,0.31,0.62,0.62,0.62,0.62
3/06/2013,0.29,0.28,0.29,0.33,0.63,0.63,0.63,0.63
4/06/2013,0.29,0.29,0.3,0.33,0.63,0.63,0.63,0.63
5/06/2013,0.3,0.29,0.3,0.34,0.64,0.64,0.64,0.64
6/06/2013,0.3,0.3,0.31,0.35,0.64,0.64,0.64,0.64
7/06/2013,0.31,0.31,0.32,0.35,0.65,0.65,0.65,0.65
8/06/2013,0.32,0.32,0.33,0.37,0.66,0.66,0.66,0.66
9/06/2013,0.33,0.32,0.34,0.38,0.66,0.66,0.66,0.66
10/06/2013,0.34,0.33,0.34,0.39,0.67,0.67,0.67,0.67
11/06/2013,0.35,0.34,0.35,0.39,0.67,0.67,0.67,0.67
12/06/2013,0.35,0.35,0.36,0.4,0.68,0.68,0.68,0.68
13/06/2013,0.36,0.35,0.36,0.41,0.68,0.68,0.68,0.68
14/06/2013,0.37,0.36,0.37,0.42,0.69,0.69,0.69,0.69
15/06/2013,0.37,0.37,0.38,0.43,0.69,0.69,0.69,0.69
16/06/2013,0.38,0.37,0.39,0.43,0.7,0.7,0.7,0.7
17/06/2013,0.39,0.38,0.39,0.44,0.7,0.7,0.7,0.7
18/06/2013,0.39,0.39,0.4,0.45,0.71,0.71,0.71,0.71
19/06/2013,0.4,0.39,0.41,0.46,0.71,0.71,0.71,0.71
20/06/2013,0.4,0.39,0.41,0.46,0.71,0.71,0.71,0.71
21/06/2013,0.4,0.4,0.41,0.46,0.72,0.72,0.72,0.72
22/06/2013,0.41,0.4,0.41,0.46,0.72,0.72,0.72,0.72
23/06/2013,0.41,0.4,0.42,0.47,0.72,0.72,0.72,0.72
24/06/2013,0.41,0.41,0.42,0.47,0.72,0.72,0.72,0.72
25/06/2013,0.42,0.41,0.43,0.48,0.73,0.73,0.73,0.73
26/06/2013,0.42,0.41,0.43,0.48,0.73,0.73,0.73,0.73
27/06/2013,0.42,0.42,0.43,0.49,0.73,0.73,0.73,0.73
28/06/2013,0.43,0.42,0.44,0.49,0.74,0.74,0.74,0.74
29/06/2013,0.43,0.42,0.44,0.49,0.74,0.74,0.74,0.74
30/06/2013,0.44,0.43,0.45,0.5,0.74,0.74,0.74,0.74
1/07/2013,0.45,0.44,0.45,0.51,0.75,0.75,0.75,0.75
2/07/2013,0.46,0.45,0.47,0.53,0.76,0.76,0.76,0.76
3/07/2013,0.47,0.46,0.48,0.54,0.77,0.77,0.77,0.77
4/07/2013,0.48,0.47,0.49,0.55,0.77,0.77,0.77,0.77
5/07/2013,0.49,0.48,0.5,0.56,0.78,0.78,0.78,0.78
6/07/2013,0.5,0.49,0.51,0.58,0.79,0.79,0.79,0.79
7/07/2013,0.51,0.5,0.52,0.58,0.8,0.8,0.8,0.8
8/07/2013,0.51,0.5,0.52,0.59,0.8,0.8,0.8,0.8
9/07/2013,0.52,0.51,0.52,0.59,0.8,0.8,0.8,0.8
10/07/2013,0.52,0.51,0.53,0.6,0.8,0.8,0.8,0.8
11/07/2013,0.52,0.51,0.53,0.6,0.81,0.81,0.81,0.81
12/07/2013,0.53,0.52,0.54,0.6,0.81,0.81,0.81,0.81
13/07/2013,0.53,0.52,0.54,0.61,0.81,0.81,0.81,0.81
14/07/2013,0.53,0.52,0.54,0.61,0.81,0.81,0.81,0.81
15/07/2013,0.54,0.53,0.55,0.62,0.82,0.82,0.82,0.82
16/07/2013,0.54,0.53,0.55,0.62,0.82,0.82,0.82,0.82
17/07/2013,0.55,0.54,0.56,0.63,0.83,0.83,0.83,0.83
18/07/2013,0.56,0.55,0.57,0.64,0.83,0.83,0.83,0.83
19/07/2013,0.56,0.55,0.57,0.65,0.84,0.84,0.84,0.84
20/07/2013,0.57,0.56,0.58,0.66,0.84,0.84,0.84,0.84
21/07/2013,0.58,0.57,0.59,0.67,0.85,0.85,0.85,0.85
22/07/2013,0.59,0.58,0.61,0.68,0.86,0.86,0.86,0.86
23/07/2013,0.6,0.59,0.61,0.69,0.87,0.87,0.87,0.87
24/07/2013,0.61,0.6,0.62,0.7,0.87,0.87,0.87,0.87
25/07/2013,0.62,0.61,0.63,0.71,0.88,0.88,0.88,0.88
26/07/2013,0.63,0.62,0.64,0.72,0.89,0.89,0.89,0.89
27/07/2013,0.64,0.63,0.65,0.73,0.89,0.89,0.89,0.89
28/07/2013,0.65,0.63,0.66,0.74,0.9,0.9,0.9,0.9
29/07/2013,0.65,0.64,0.67,0.75,0.9,0.9,0.9,0.9
30/07/2013,0.66,0.65,0.67,0.76,0.91,0.91,0.91,0.91
31/07/2013,0.67,0.65,0.68,0.77,0.91,0.91,0.91,0.91
1/08/2013,0.67,0.66,0.68,0.77,0.92,0.92,0.92,0.92
2/08/2013,0.68,0.66,0.69,0.78,0.92,0.92,0.92,0.92
3/08/2013,0.69,0.67,0.7,0.79,0.93,0.93,0.93,0.93
4/08/2013,0.7,0.68,0.71,0.8,0.94,0.94,0.94,0.94
5/08/2013,0.71,0.69,0.72,0.82,0.95,0.95,0.95,0.95
6/08/2013,0.72,0.71,0.73,0.83,0.95,0.95,0.95,0.95
7/08/2013,0.73,0.71,0.74,0.84,0.96,0.96,0.96,0.96
8/08/2013,0.74,0.72,0.75,0.85,0.97,0.97,0.97,0.97
9/08/2013,0.74,0.73,0.76,0.86,0.97,0.97,0.97,0.97
10/08/2013,0.75,0.73,0.76,0.86,0.98,0.98,0.98,0.98
11/08/2013,0.76,0.74,0.77,0.87,0.98,0.98,0.98,0.98
12/08/2013,0.77,0.75,0.78,0.88,0.99,0.99,0.99,0.99
13/08/2013,0.77,0.76,0.79,0.89,0.99,0.99,0.99,0.99
14/08/2013,0.78,0.77,0.8,0.9,1,1,1,1
15/08/2013,0.79,0.78,0.81,0.91,1,0.98,1,1
16/08/2013,0.8,0.79,0.82,0.91,1,0.96,1,1
17/08/2013,0.81,0.8,0.83,0.92,1,0.94,1,1
18/08/2013,0.82,0.81,0.84,0.92,1,0.92,1,1
19/08/2013,0.83,0.82,0.85,0.93,1,0.9,1,1
20/08/2013,0.84,0.83,0.86,0.93,1,0.88,1,1
21/08/2013,0.85,0.84,0.87,0.94,1,0.86,1,1
22/08/2013,0.86,0.86,0.88,0.94,1,0.84,1,1
23/08/2013,0.87,0.87,0.89,0.95,1,0.82,1,1
24/08/2013,0.88,0.88,0.9,0.95,1,0.81,1,1
25/08/2013,0.89,0.88,0.91,0.96,1,0.79,1,1
26/08/2013,0.9,0.89,0.92,0.96,1,0.77,1,1
27/08/2013,0.91,0.91,0.93,0.97,1,0.75,1,1
28/08/2013,0.91,0.91,0.93,0.97,1,0.75,1,1
29/08/2013,0.91,0.91,0.93,0.97,1,0.75,1,1
30/08/2013,0.91,0.91,0.93,0.97,1,0.75,1,1
31/08/2013,0.92,0.91,0.94,0.97,1,0.75,1,1
1/09/2013,0.92,0.91,0.94,0.97,1,0.75,1,1
2/09/2013,0.92,0.91,0.94,0.97,1,0.75,1,1
3/09/2013,0.92,0.91,0.94,0.97,1,0.75,1,1
4/09/2013,0.92,0.91,0.94,0.97,1,0.75,1,1
5/09/2013,0.92,0.91,0.94,0.97,1,0.75,1,1
6/09/2013,0.92,0.91,0.94,0.97,1,0.75,1,1
7/09/2013,0.92,0.91,0.94,0.97,1,0.75,1,1
8/09/2013,0.92,0.91,0.94,0.97,1,0.75,1,1
9/09/2013,0.92,0.92,0.94,0.97,0.45,0.45,0.45,1
10/09/2013,0.92,0.92,0.94,0.97,0.51,0.48,0.49,0.82
11/09/2013,0.92,0.92,0.94,0.97,0.59,0.53,0.55,0.58
12/09/2013,0.92,0.92,0.94,0.97,0.62,0.56,0.58,0.61
13/09/2013,0.92,0.92,0.94,0.97,0.64,0.6,0.61,0.64
14/09/2013,0.92,0.92,0.94,0.97,0.67,0.63,0.64,0.67
15/09/2013,0.92,0.92,0.94,0.97,0.69,0.65,0.66,0.68
16/09/2013,0.92,0.92,0.94,0.97,0.71,0.67,0.68,0.7
17/09/2013,0.92,0.91,0.94,0.97,0.72,0.69,0.69,0.72
18/09/2013,0.92,0.91,0.94,0.97,0.75,0.72,0.72,0.74
19/09/2013,0.92,0.91,0.94,0.97,0.77,0.75,0.75,0.77
20/09/2013,0.92,0.91,0.94,0.97,0.8,0.78,0.78,0.8
21/09/2013,0.92,0.91,0.94,0.97,0.84,0.82,0.82,0.83
22/09/2013,0.92,0.91,0.94,0.97,0.86,0.85,0.85,0.86
23/09/2013,0.92,0.91,0.94,0.97,0.89,0.89,0.88,0.89
24/09/2013,0.91,0.91,0.94,0.97,0.92,0.92,0.91,0.92
25/09/2013,0.91,0.91,0.94,0.97,0.94,0.95,0.94,0.94
26/09/2013,0.91,0.91,0.94,0.97,0.98,0.99,0.97,0.98
27/09/2013,0.91,0.91,0.94,0.97,0.98,0.99,0.97,0.98
28/09/2013,0.91,0.91,0.94,0.97,0.98,0.99,0.97,0.98
29/09/2013,0.91,0.91,0.94,0.97,0.98,0.99,0.98,0.98
30/09/2013,0.91,0.91,0.94,0.97,0.98,0.99,0.98,0.98
1/10/2013,0.92,0.91,0.94,0.97,0.98,0.99,0.98,0.98
2/10/2013,0.92,0.91,0.94,0.97,0.98,0.99,0.98,0.98
3/10/2013,0.92,0.91,0.94,0.97,0.99,0.99,0.98,0.98
4/10/2013,0.92,0.91,0.94,0.97,0.99,0.99,0.98,0.99
5/10/2013,0.92,0.92,0.94,0.97,0.99,0.99,0.99,0.99
6/10/2013,0.92,0.92,0.94,0.97,0.99,0.99,0.99,0.99
7/10/2013,0.92,0.92,0.95,0.97,0.99,1,0.99,0.99
8/10/2013,0.92,0.92,0.95,0.97,0.99,1,0.99,0.99
9/10/2013,0.92,0.92,0.95,0.97,0.99,1,0.99,0.99
10/10/2013,0.92,0.92,0.95,0.97,0.99,1,0.99,0.99
11/10/2013,0.92,0.92,0.95,0.97,0.99,1,0.99,0.99
12/10/2013,0.92,0.92,0.95,0.97,1,1,0.99,0.99
13/10/2013,0.92,0.92,0.95,0.97,1,1,1,1
14/10/2013,0.92,0.92,0.95,0.97,1,1,1,1
15/10/2013,0.92,0.92,0.95,0.97,1,1,1,1
16/10/2013,0.93,0.92,0.95,0.97,1,1,1,1
17/10/2013,0.92,0.92,0.95,0.96,0.72,0.67,0.67,0.69
18/10/2013,0.93,0.93,0.95,0.97,0.75,0.7,0.7,0.71
19/10/2013,0.93,0.93,0.96,0.97,0.77,0.72,0.73,0.72
20/10/2013,0.94,0.94,0.96,0.97,0.8,0.75,0.76,0.74
21/10/2013,0.94,0.94,0.97,0.98,0.83,0.78,0.79,0.76
22/10/2013,0.95,0.95,0.97,0.98,0.85,0.8,0.81,0.77
23/10/2013,0.95,0.95,0.97,0.98,0.87,0.82,0.83,0.78
24/10/2013,0.96,0.96,0.98,0.99,0.9,0.85,0.87,0.8
25/10/2013,0.96,0.96,0.98,0.99,0.91,0.87,0.89,0.82
26/10/2013,0.96,0.96,0.98,0.99,0.93,0.88,0.9,0.84
27/10/2013,0.96,0.96,0.98,0.99,0.94,0.9,0.92,0.86
28/10/2013,0.96,0.96,0.98,0.99,0.95,0.92,0.94,0.87
29/10/2013,0.96,0.96,0.98,0.99,0.96,0.94,0.95,0.89
30/10/2013,0.96,0.96,0.98,0.99,0.98,0.96,0.97,0.91
31/10/2013,0.57,0.54,0.52,0.51,0.99,0.98,0.98,0.93
1/11/2013,0.58,0.56,0.54,0.53,1,1,1,0.95
2/11/2013,0.6,0.58,0.56,0.55,1,1,1,0.95
3/11/2013,0.62,0.6,0.58,0.57,1,1,1,0.95
4/11/2013,0.64,0.62,0.61,0.59,1,1,1,0.95
5/11/2013,0.67,0.65,0.64,0.62,1,1,1,0.95
6/11/2013,0.69,0.66,0.66,0.63,1,1,1,0.95
7/11/2013,0.71,0.69,0.68,0.66,1,1,1,0.95
8/11/2013,0.74,0.71,0.71,0.68,1,1,1,0.95
9/11/2013,0.76,0.74,0.74,0.71,1,1,1,0.95
10/11/2013,0.79,0.77,0.78,0.74,1,1,1,0.96
11/11/2013,0.81,0.79,0.8,0.76,1,1,1,0.96
12/11/2013,0.83,0.81,0.82,0.78,1,1,1,0.96
13/11/2013,0.84,0.82,0.84,0.79,1,1,1,0.96
14/11/2013,0.86,0.84,0.86,0.81,1,1,1,0.96
15/11/2013,0.89,0.87,0.89,0.84,1,1,1,0.96
16/11/2013,0.92,0.9,0.92,0.87,1,1,1,0.96
17/11/2013,0.94,0.92,0.95,0.89,1,1,1,0.96
18/11/2013,0.97,0.95,0.98,0.92,1,1,1,0.96
19/11/2013,0.97,0.95,0.98,0.89,0.84,0.81,0.83,0.77
20/11/2013,0.98,0.96,0.98,0.86,0.65,0.59,0.63,0.55
21/11/2013,0.98,0.96,0.98,0.85,0.68,0.61,0.64,0.54
22/11/2013,0.98,0.96,0.98,0.85,0.7,0.64,0.66,0.53
23/11/2013,0.98,0.97,0.98,0.84,0.73,0.66,0.67,0.52
24/11/2013,0.98,0.97,0.98,0.84,0.76,0.7,0.68,0.51
25/11/2013,0.99,0.97,0.99,0.83,0.77,0.71,0.69,0.51
26/11/2013,0.99,0.97,0.99,0.83,0.79,0.73,0.7,0.5
27/11/2013,0.99,0.98,0.99,0.83,0.81,0.75,0.71,0.5
28/11/2013,0.99,0.98,0.99,0.82,0.83,0.77,0.72,0.49
29/11/2013,0.99,0.98,0.99,0.82,0.85,0.8,0.73,0.49
30/11/2013,0.99,0.99,0.99,0.81,0.87,0.82,0.74,0.48
1/12/2013,0.99,0.99,0.99,0.81,0.89,0.84,0.75,0.47
2/12/2013,1,0.99,1,0.81,0.92,0.87,0.77,0.47
3/12/2013,1,1,1,0.8,0.94,0.89,0.78,0.46
4/12/2013,1,1,1,0.8,0.97,0.93,0.8,0.45
5/12/2013,1,1,1,0.8,0.97,0.93,0.8,0.45
6/12/2013,1,1,1,0.8,0.97,0.93,0.8,0.45
7/12/2013,1,1,1,0.8,0.97,0.93,0.8,0.45
8/12/2013,1,1,1,0.8,0.97,0.93,0.8,0.45
9/12/2013,1,1,1,0.8,0.97,0.93,0.8,0.45
10/12/2013,1,1,1,0.8,0.97,0.93,0.8,0.45
11/12/2013,1,1,1,0.8,0.97,0.93,0.8,0.45
12/12/2013,1,1,1,0.8,0.97,0.93,0.8,0.45
13/12/2013,1,1,1,0.8,0.97,0.93,0.8,0.45
14/12/2013,1,1,1,0.8,0.97,0.93,0.8,0.45
15/12/2013,1,1,1,0.8,0.97,0.93,0.8,0.45
16/12/2013,0.05,0.05,0.05,0.05,0.45,0.45,0.45,0.45
17/12/2013,0.13,0.11,0.11,0.09,0.54,0.52,0.53,0.43
18/12/2013,0.23,0.19,0.19,0.14,0.65,0.62,0.63,0.4
19/12/2013,0.3,0.25,0.25,0.18,0.74,0.7,0.7,0.39
20/12/2013,0.39,0.31,0.32,0.22,0.83,0.78,0.79,0.37
21/12/2013,0.43,0.36,0.37,0.26,0.85,0.79,0.8,0.4
22/12/2013,0.45,0.39,0.4,0.29,0.86,0.81,0.81,0.42
23/12/2013,0.49,0.43,0.44,0.33,0.87,0.83,0.83,0.46
24/12/2013,0.54,0.49,0.5,0.38,0.89,0.85,0.85,0.5
25/12/2013,0.58,0.54,0.54,0.42,0.9,0.86,0.87,0.53
26/12/2013,0.61,0.57,0.58,0.46,0.91,0.88,0.88,0.56
27/12/2013,0.64,0.61,0.61,0.49,0.92,0.89,0.9,0.58
28/12/2013,0.67,0.65,0.66,0.53,0.93,0.91,0.91,0.62
29/12/2013,0.71,0.7,0.71,0.58,0.95,0.93,0.93,0.65
30/12/2013,0.76,0.75,0.75,0.62,0.96,0.95,0.95,0.69
31/12/2013,0.79,0.79,0.8,0.66,0.97,0.96,0.96,0.72
1/01/2014,0.83,0.83,0.84,0.7,0.98,0.98,0.98,0.75
2/01/2014,0.87,0.88,0.89,0.75,1,1,1,0.79
3/01/2014,0.88,0.89,0.9,0.76,1,1,1,0.79
4/01/2014,0.9,0.9,0.9,0.77,1,1,1,0.78
5/01/2014,0.91,0.92,0.91,0.78,1,1,1,0.78
6/01/2014,0.92,0.93,0.91,0.79,1,1,1,0.78
7/01/2014,0.93,0.94,0.92,0.81,1,1,1,0.78
8/01/2014,0.94,0.95,0.92,0.81,1,1,1,0.78
9/01/2014,0.95,0.95,0.93,0.82,1,1,1,0.78
10/01/2014,0.96,0.96,0.93,0.83,1,1,1,0.77
11/01/2014,0.97,0.97,0.94,0.84,1,1,1,0.77
12/01/2014,0.98,0.98,0.94,0.85,1,1,1,0.77
13/01/2014,0.99,0.99,0.95,0.86,1,1,1,0.77
14/01/2014,1,1,0.95,0.87,1,1,1,0.77
15/01/2014,1,1,0.95,0.87,0.94,0.95,0.95,0.73
16/01/2014,1,1,0.95,0.87,0.88,0.91,0.91,0.69
17/01/2014,1,1,0.95,0.87,0.82,0.86,0.86,0.65
18/01/2014,1,1,0.95,0.87,0.76,0.81,0.81,0.6
19/01/2014,1,1,0.95,0.87,0.7,0.77,0.77,0.56
20/01/2014,1,1,0.95,0.87,0.64,0.72,0.72,0.52
21/01/2014,1,1,0.95,0.87,0.58,0.68,0.68,0.48
22/01/2014,0.05,0.05,0.05,0.05,0.52,0.63,0.63,0.44
23/01/2014,0.45,0.36,0.33,0.22,0.46,0.58,0.58,0.4
24/01/2014,0.48,0.39,0.35,0.21,0.49,0.6,0.59,0.39
25/01/2014,0.51,0.43,0.38,0.21,0.52,0.62,0.59,0.39
26/01/2014,0.54,0.46,0.41,0.21,0.55,0.64,0.6,0.38
27/01/2014,0.57,0.49,0.43,0.2,0.57,0.65,0.6,0.37
28/01/2014,0.59,0.51,0.45,0.2,0.59,0.67,0.6,0.37
29/01/2014,0.62,0.55,0.49,0.2,0.62,0.69,0.61,0.36
30/01/2014,0.65,0.58,0.51,0.2,0.65,0.71,0.61,0.35
31/01/2014,0.68,0.62,0.54,0.19,0.68,0.73,0.62,0.35
1/02/2014,0.72,0.66,0.58,0.19,0.71,0.75,0.62,0.34
2/02/2014,0.76,0.7,0.61,0.18,0.74,0.77,0.63,0.33
3/02/2014,0.79,0.74,0.64,0.18,0.78,0.8,0.63,0.32
4/02/2014,0.82,0.77,0.69,0.19,0.8,0.81,0.66,0.33
5/02/2014,0.83,0.79,0.71,0.19,0.82,0.82,0.68,0.33
6/02/2014,0.85,0.81,0.74,0.2,0.83,0.84,0.7,0.33
7/02/2014,0.87,0.84,0.77,0.2,0.85,0.85,0.73,0.33
8/02/2014,0.89,0.86,0.8,0.21,0.87,0.86,0.75,0.34
9/02/2014,0.9,0.88,0.82,0.21,0.88,0.87,0.77,0.34
10/02/2014,0.92,0.9,0.85,0.22,0.9,0.89,0.79,0.34
11/02/2014,0.94,0.92,0.89,0.22,0.92,0.9,0.81,0.34
12/02/2014,0.96,0.94,0.91,0.23,0.94,0.91,0.83,0.35
13/02/2014,0.98,0.97,0.94,0.23,0.95,0.92,0.85,0.35
14/02/2014,1,0.99,0.97,0.24,0.97,0.94,0.88,0.35
15/02/2014,1,0.99,0.97,0.24,0.97,0.94,0.88,0.35
16/02/2014,1,0.99,0.98,0.25,0.98,0.94,0.88,0.35
17/02/2014,1,0.99,0.98,0.26,0.98,0.95,0.89,0.35
18/02/2014,1,0.99,0.98,0.27,0.98,0.95,0.89,0.35
19/02/2014,1,1,0.98,0.28,0.98,0.95,0.89,0.36
20/02/2014,1,1,0.98,0.29,0.99,0.96,0.9,0.36
21/02/2014,1,1,0.99,0.29,0.99,0.96,0.9,0.36
22/02/2014,1,1,0.99,0.3,0.99,0.97,0.9,0.36
23/02/2014,1,1,0.99,0.31,0.99,0.97,0.9,0.36
24/02/2014,1,1,0.99,0.31,0.99,0.97,0.91,0.36
25/02/2014,0.88,0.86,0.84,0.34,0.91,0.91,0.86,0.37
26/02/2014,0.73,0.68,0.66,0.38,0.81,0.83,0.81,0.39
27/02/2014,0.57,0.49,0.46,0.42,0.7,0.75,0.75,0.41
28/02/2014,0.57,0.49,0.47,0.45,0.72,0.77,0.77,0.45
1/03/2014,0.57,0.49,0.48,0.48,0.74,0.78,0.78,0.47
2/03/2014,0.58,0.49,0.5,0.52,0.77,0.8,0.8,0.51
3/03/2014,0.58,0.5,0.51,0.55,0.79,0.82,0.82,0.54
4/03/2014,0.59,0.5,0.52,0.58,0.8,0.84,0.84,0.57
5/03/2014,0.59,0.5,0.53,0.6,0.82,0.85,0.85,0.59
6/03/2014,0.59,0.5,0.54,0.64,0.84,0.87,0.87,0.62
7/03/2014,0.6,0.5,0.56,0.68,0.87,0.89,0.89,0.66
8/03/2014,0.61,0.5,0.57,0.72,0.89,0.91,0.91,0.7
9/03/2014,0.61,0.5,0.59,0.76,0.92,0.93,0.93,0.74
10/03/2014,0.62,0.51,0.6,0.8,0.95,0.95,0.95,0.78
11/03/2014,0.62,0.51,0.62,0.85,0.97,0.98,0.98,0.82
12/03/2014,0.63,0.51,0.63,0.89,1,1,1,0.86
13/03/2014,0.66,0.55,0.67,0.9,1,1,1,0.88
14/03/2014,0.7,0.6,0.71,0.92,1,1,1,0.9
15/03/2014,0.73,0.64,0.76,0.93,1,1,1,0.91
16/03/2014,0.77,0.69,0.8,0.95,1,1,1,0.93
17/03/2014,0.81,0.75,0.85,0.97,1,1,1,0.96
18/03/2014,0.85,0.79,0.89,0.98,1,1,1,0.98
19/03/2014,0.89,0.84,0.94,1,1,1,1,1
20/03/2014,0.89,0.84,0.94,1,1,1,1,1
21/03/2014,0.89,0.84,0.94,1,1,1,1,1
22/03/2014,0.89,0.84,0.94,1,1,1,1,1
23/03/2014,0.89,0.84,0.94,1,1,1,1,1
24/03/2014,0.89,0.84,0.94,1,1,1,1,1
25/03/2014,0.89,0.84,0.94,1,1,1,1,1
26/03/2014,0.89,0.84,0.94,1,0.68,0.72,0.76,0.83
27/03/2014,0.89,0.84,0.94,1,0.68,0.72,0.76,0.83
28/03/2014,0.89,0.84,0.94,1,0.68,0.72,0.76,0.83
29/03/2014,0.89,0.84,0.94,1,0.68,0.72,0.76,0.83
30/03/2014,0.89,0.84,0.94,1,0.68,0.72,0.76,0.83
31/03/2014,0.89,0.84,0.94,1,0.68,0.72,0.76,0.83
1/04/2014,0.89,0.84,0.94,1,0.68,0.72,0.76,0.83
